t,status,health
00:57:47,running,healthy
00:57:52,running,healthy
00:57:57,running,healthy
00:58:02,running,healthy
00:58:07,running,healthy
00:58:13,running,healthy
00:58:18,running,healthy
00:58:23,running,healthy
00:58:28,running,healthy
00:58:33,running,healthy
00:58:38,running,healthy
00:58:43,running,healthy
00:58:49,running,healthy
00:58:54,running,healthy
00:58:59,running,healthy
00:59:04,running,healthy
00:59:09,running,healthy
00:59:14,running,healthy
00:59:19,running,healthy
00:59:25,running,healthy
00:59:30,running,healthy
00:59:35,running,healthy
00:59:40,running,healthy
00:59:45,running,healthy
00:59:50,running,healthy
