ts_local,epoch,delta_to_prev_s
2026-10-01 00:28:11,1790785691,
2026-10-01 00:28:16,1790785696,5
2026-10-01 00:28:21,1790785701,5
2026-10-01 00:28:26,1790785706,5
2026-10-01 00:28:31,1790785711,5
2026-10-01 00:28:36,1790785716,5
2026-10-01 00:28:41,1790785721,5
2026-10-01 00:28:46,1790785726,5
2026-10-01 00:28:51,1790785731,5
2026-10-01 00:28:56,1790785736,5
2026-10-01 00:29:02,1790785742,6
2026-10-01 00:29:07,1790785747,5
2026-10-01 00:29:12,1790785752,5
2026-10-01 00:29:17,1790785757,5
2026-10-01 00:29:22,1790785762,5
2026-10-01 00:29:27,1790785767,5
2026-10-01 00:29:33,1790785773,6
2026-10-01 00:29:38,1790785778,5
2026-10-01 00:29:43,1790785783,5
2026-10-01 00:29:48,1790785788,5
2026-10-01 00:29:53,1790785793,5
2026-10-01 00:29:58,1790785798,5
2026-10-01 00:30:04,1790785804,6
2026-10-01 00:30:09,1790785809,5
2026-10-01 00:30:14,1790785814,5
2026-10-01 00:30:19,1790785819,5
2026-10-01 00:30:24,1790785824,5
2026-10-01 00:30:29,1790785829,5
2026-10-01 00:30:35,1790785835,6
2026-10-01 00:30:40,1790785840,5
2026-10-01 00:30:45,1790785845,5
2026-10-01 00:30:50,1790785850,5
2026-10-01 00:30:55,1790785855,5
2026-10-01 00:31:00,1790785860,5
2026-10-01 00:31:06,1790785866,6
2026-10-01 00:31:11,1790785871,5
2026-10-01 00:31:16,1790785876,5
2026-10-01 00:31:21,1790785881,5
2026-10-01 00:31:26,1790785886,5
2026-10-01 00:31:31,1790785891,5
2026-10-01 00:31:37,1790785897,6
2026-10-01 00:31:42,1790785902,5
2026-10-01 00:31:47,1790785907,5
2026-10-01 00:31:52,1790785912,5
2026-10-01 00:31:57,1790785917,5
2026-10-01 00:32:02,1790785922,5
2026-10-01 00:32:08,1790785928,6
2026-10-01 00:32:13,1790785933,5
2026-10-01 00:32:18,1790785938,5
2026-10-01 00:32:23,1790785943,5
2026-10-01 00:32:28,1790785948,5
2026-10-01 00:32:33,1790785953,5
2026-10-01 00:32:39,1790785959,6
2026-10-01 00:32:44,1790785964,5
2026-10-01 00:32:49,1790785969,5
2026-10-01 00:32:54,1790785974,5
2026-10-01 00:32:59,1790785979,5
2026-10-01 00:33:04,1790785984,5
2026-10-01 00:33:10,1790785990,6
2026-10-01 00:33:15,1790785995,5
2026-10-01 00:33:20,1790786000,5
2026-10-01 00:33:25,1790786005,5
2026-10-01 00:33:30,1790786010,5
2026-10-01 00:33:35,1790786015,5
2026-10-01 00:33:40,1790786020,5
2026-10-01 00:33:45,1790786025,5
2026-10-01 00:33:50,1790786030,5
2026-10-01 00:33:56,1790786036,6
2026-10-01 00:34:01,1790786041,5
2026-10-01 00:34:06,1790786046,5
2026-10-01 00:34:11,1790786051,5
2026-10-01 00:34:16,1790786056,5
2026-10-01 00:34:22,1790786062,6
2026-10-01 00:34:27,1790786067,5
2026-10-01 00:34:32,1790786072,5
2026-10-01 00:34:37,1790786077,5
2026-10-01 00:34:42,1790786082,5
2026-10-01 00:34:47,1790786087,5
2026-10-01 00:34:52,1790786092,5
2026-10-01 00:34:58,1790786098,6
2026-10-01 00:35:03,1790786103,5
2026-10-01 00:35:08,1790786108,5
2026-10-01 00:35:13,1790786113,5
2026-10-01 00:35:18,1790786118,5
2026-10-01 00:35:23,1790786123,5
2026-10-01 00:35:28,1790786128,5
2026-10-01 00:35:33,1790786133,5
2026-10-01 00:35:38,1790786138,5
2026-10-01 00:35:44,1790786144,6
2026-10-01 00:35:49,1790786149,5
2026-10-01 00:35:54,1790786154,5
2026-10-01 00:35:59,1790786159,5
2026-10-01 00:36:04,1790786164,5
2026-10-01 00:36:09,1790786169,5
2026-10-01 00:36:15,1790786175,6
2026-10-01 00:36:20,1790786180,5
2026-10-01 00:36:25,1790786185,5
2026-10-01 00:36:30,1790786190,5
2026-10-01 00:36:35,1790786195,5
2026-10-01 00:36:40,1790786200,5
2026-10-01 00:36:46,1790786206,6
2026-10-01 00:36:51,1790786211,5
2026-10-01 00:36:56,1790786216,5
2026-10-01 00:37:01,1790786221,5
2026-10-01 00:37:06,1790786226,5
2026-10-01 00:37:11,1790786231,5
2026-10-01 00:37:17,1790786237,6
2026-10-01 00:37:22,1790786242,5
2026-10-01 00:37:27,1790786247,5
2026-10-01 00:37:32,1790786252,5
2026-10-01 00:37:37,1790786257,5
2026-10-01 00:37:42,1790786262,5
2026-10-01 00:37:48,1790786268,6
2026-10-01 00:37:53,1790786273,5
2026-10-01 00:37:58,1790786278,5
2026-10-01 00:38:03,1790786283,5
2026-10-01 00:38:08,1790786288,5
2026-10-01 00:38:13,1790786293,5
2026-10-01 00:38:19,1790786299,6
2026-10-01 00:38:24,1790786304,5
2026-10-01 00:38:29,1790786309,5
2026-10-01 00:38:34,1790786314,5
2026-10-01 00:38:39,1790786319,5
2026-10-01 00:38:44,1790786324,5
2026-10-01 00:38:50,1790786330,6
2026-10-01 00:38:55,1790786335,5
2026-10-01 00:39:00,1790786340,5
2026-10-01 00:39:05,1790786345,5
2026-10-01 00:39:10,1790786350,5
2026-10-01 00:39:15,1790786355,5
2026-10-01 00:39:21,1790786361,6
2026-10-01 00:39:26,1790786366,5
2026-10-01 00:39:31,1790786371,5
2026-10-01 00:39:36,1790786376,5
2026-10-01 00:39:41,1790786381,5
2026-10-01 00:39:46,1790786386,5
2026-10-01 00:39:52,1790786392,6
2026-10-01 00:39:57,1790786397,5
2026-10-01 00:40:02,1790786402,5
2026-10-01 00:40:07,1790786407,5
2026-10-01 00:40:12,1790786412,5
2026-10-01 00:40:17,1790786417,5
2026-10-01 00:40:23,1790786423,6
2026-10-01 00:40:28,1790786428,5
2026-10-01 00:40:33,1790786433,5
2026-10-01 00:40:38,1790786438,5
2026-10-01 00:40:43,1790786443,5
2026-10-01 00:40:48,1790786448,5
2026-10-01 00:40:54,1790786454,6
2026-10-01 00:40:59,1790786459,5
2026-10-01 00:41:04,1790786464,5
2026-10-01 00:41:09,1790786469,5
2026-10-01 00:41:14,1790786474,5
2026-10-01 00:41:19,1790786479,5
2026-10-01 00:41:25,1790786485,6
2026-10-01 00:41:30,1790786490,5
2026-10-01 00:41:35,1790786495,5
2026-10-01 00:41:40,1790786500,5
2026-10-01 00:41:45,1790786505,5
2026-10-01 00:41:50,1790786510,5
2026-10-01 00:41:56,1790786516,6
2026-10-01 00:42:01,1790786521,5
2026-10-01 00:42:06,1790786526,5
2026-10-01 00:42:11,1790786531,5
2026-10-01 00:42:16,1790786536,5
2026-10-01 00:42:21,1790786541,5
2026-10-01 00:42:27,1790786547,6
2026-10-01 00:42:32,1790786552,5
2026-10-01 00:42:37,1790786557,5
2026-10-01 00:42:42,1790786562,5
2026-10-01 00:42:47,1790786567,5
2026-10-01 00:42:52,1790786572,5
2026-10-01 00:42:58,1790786578,6
2026-10-01 00:43:03,1790786583,5
2026-10-01 00:43:08,1790786588,5
2026-10-01 00:43:13,1790786593,5
2026-10-01 00:43:18,1790786598,5
2026-10-01 00:43:23,1790786603,5
2026-10-01 00:43:29,1790786609,6
2026-10-01 00:43:34,1790786614,5
2026-10-01 00:43:39,1790786619,5
2026-10-01 00:43:44,1790786624,5
2026-10-01 00:43:49,1790786629,5
2026-10-01 00:43:54,1790786634,5
2026-10-01 00:44:00,1790786640,6
2026-10-01 00:44:05,1790786645,5
2026-10-01 00:44:10,1790786650,5
2026-10-01 00:44:15,1790786655,5
2026-10-01 00:44:20,1790786660,5
2026-10-01 00:44:25,1790786665,5
2026-10-01 00:44:31,1790786671,6
2026-10-01 00:44:36,1790786676,5
2026-10-01 00:44:41,1790786681,5
2026-10-01 00:44:46,1790786686,5
2026-10-01 00:44:51,1790786691,5
2026-10-01 00:44:57,1790786697,6
2026-10-01 00:45:02,1790786702,5
2026-10-01 00:45:07,1790786707,5
2026-10-01 00:45:12,1790786712,5
2026-10-01 00:45:17,1790786717,5
2026-10-01 00:45:22,1790786722,5
2026-10-01 00:45:28,1790786728,6
2026-10-01 00:45:33,1790786733,5
2026-10-01 00:45:38,1790786738,5
2026-10-01 00:45:43,1790786743,5
2026-10-01 00:45:48,1790786748,5
2026-10-01 00:45:53,1790786753,5
2026-10-01 00:45:59,1790786759,6
2026-10-01 00:46:04,1790786764,5
2026-10-01 00:46:09,1790786769,5
2026-10-01 00:46:14,1790786774,5
2026-10-01 00:46:20,1790786780,6
2026-10-01 00:46:25,1790786785,5
2026-10-01 00:46:30,1790786790,5
2026-10-01 00:46:35,1790786795,5
2026-10-01 00:46:40,1790786800,5
2026-10-01 00:46:46,1790786806,6
2026-10-01 00:46:51,1790786811,5
2026-10-01 00:46:56,1790786816,5
2026-10-01 00:47:01,1790786821,5
2026-10-01 00:47:07,1790786827,6
2026-10-01 00:47:12,1790786832,5
2026-10-01 00:47:17,1790786837,5
2026-10-01 00:47:22,1790786842,5
2026-10-01 00:47:27,1790786847,5
2026-10-01 00:47:32,1790786852,5
2026-10-01 00:47:38,1790786858,6
2026-10-01 00:47:43,1790786863,5
2026-10-01 00:47:48,1790786868,5
2026-10-01 00:47:53,1790786873,5
2026-10-01 00:47:58,1790786878,5
2026-10-01 00:48:03,1790786883,5
2026-10-01 00:48:09,1790786889,6
2026-10-01 00:48:14,1790786894,5
2026-10-01 00:48:19,1790786899,5
2026-10-01 00:48:24,1790786904,5
2026-10-01 00:48:29,1790786909,5
2026-10-01 00:48:35,1790786915,6
2026-10-01 00:48:40,1790786920,5
2026-10-01 00:48:45,1790786925,5
2026-10-01 00:48:50,1790786930,5
2026-10-01 00:48:55,1790786935,5
2026-10-01 00:49:00,1790786940,5
2026-10-01 00:49:06,1790786946,6
2026-10-01 00:49:11,1790786951,5
2026-10-01 00:49:16,1790786956,5
2026-10-01 00:49:21,1790786961,5
2026-10-01 00:49:26,1790786966,5
2026-10-01 00:49:31,1790786971,5
2026-10-01 00:49:37,1790786977,6
2026-10-01 00:49:42,1790786982,5
2026-10-01 00:49:47,1790786987,5
2026-10-01 00:49:52,1790786992,5
2026-10-01 00:49:57,1790786997,5
2026-10-01 00:50:02,1790787002,5
2026-10-01 00:50:08,1790787008,6
2026-10-01 00:50:13,1790787013,5
2026-10-01 00:50:18,1790787018,5
2026-10-01 00:50:23,1790787023,5
2026-10-01 00:50:28,1790787028,5
2026-10-01 00:50:33,1790787033,5
2026-10-01 00:50:39,1790787039,6
2026-10-01 00:50:44,1790787044,5
2026-10-01 00:50:49,1790787049,5
2026-10-01 00:50:54,1790787054,5
2026-10-01 00:50:59,1790787059,5
2026-10-01 00:51:04,1790787064,5
2026-10-01 00:51:10,1790787070,6
2026-10-01 00:51:15,1790787075,5
2026-10-01 00:51:20,1790787080,5
2026-10-01 00:51:25,1790787085,5
2026-10-01 00:51:30,1790787090,5
2026-10-01 00:51:35,1790787095,5
2026-10-01 00:51:41,1790787101,6
2026-10-01 00:51:46,1790787106,5
2026-10-01 00:51:51,1790787111,5
2026-10-01 00:51:57,1790787117,6
2026-10-01 00:52:04,1790787124,7
2026-10-01 00:52:09,1790787129,5
2026-10-01 00:52:15,1790787135,6
2026-10-01 00:52:20,1790787140,5
2026-10-01 00:52:25,1790787145,5
2026-10-01 00:52:30,1790787150,5
2026-10-01 00:52:35,1790787155,5
2026-10-01 00:52:40,1790787160,5
2026-10-01 00:52:46,1790787166,6
2026-10-01 00:52:51,1790787171,5
2026-10-01 00:52:56,1790787176,5
2026-10-01 00:53:01,1790787181,5
2026-10-01 00:53:06,1790787186,5
2026-10-01 00:53:11,1790787191,5
2026-10-01 00:53:17,1790787197,6
2026-10-01 00:53:22,1790787202,5
2026-10-01 00:53:27,1790787207,5
2026-10-01 00:53:32,1790787212,5
2026-10-01 00:53:37,1790787217,5
2026-10-01 00:53:42,1790787222,5
2026-10-01 00:53:48,1790787228,6
2026-10-01 00:53:53,1790787233,5
2026-10-01 00:53:58,1790787238,5
2026-10-01 00:54:03,1790787243,5
2026-10-01 00:54:08,1790787248,5
2026-10-01 00:54:13,1790787253,5
2026-10-01 00:54:19,1790787259,6
2026-10-01 00:54:24,1790787264,5
2026-10-01 00:54:29,1790787269,5
2026-10-01 00:54:34,1790787274,5
2026-10-01 00:54:39,1790787279,5
2026-10-01 00:54:44,1790787284,5
2026-10-01 00:54:50,1790787290,6
2026-10-01 00:54:55,1790787295,5
2026-10-01 00:55:00,1790787300,5
2026-10-01 00:55:05,1790787305,5
2026-10-01 00:55:10,1790787310,5
2026-10-01 00:55:15,1790787315,5
2026-10-01 00:55:21,1790787321,6
2026-10-01 00:55:26,1790787326,5
2026-10-01 00:55:31,1790787331,5
2026-10-01 00:55:36,1790787336,5
2026-10-01 00:55:41,1790787341,5
2026-10-01 00:55:46,1790787346,5
2026-10-01 00:55:52,1790787352,6
2026-10-01 00:55:57,1790787357,5
2026-10-01 00:56:02,1790787362,5
2026-10-01 00:56:07,1790787367,5
2026-10-01 00:56:12,1790787372,5
2026-10-01 00:56:18,1790787378,6
2026-10-01 00:56:24,1790787384,6
2026-10-01 00:56:29,1790787389,5
2026-10-01 00:56:34,1790787394,5
2026-10-01 00:56:39,1790787399,5
2026-10-01 00:56:44,1790787404,5
2026-10-01 00:56:49,1790787409,5
2026-10-01 00:56:55,1790787415,6
2026-10-01 00:57:00,1790787420,5
2026-10-01 00:57:05,1790787425,5
2026-10-01 00:57:10,1790787430,5
2026-10-01 00:57:15,1790787435,5
2026-10-01 00:57:20,1790787440,5
2026-10-01 00:57:26,1790787446,6
2026-10-01 00:57:31,1790787451,5
2026-10-01 00:57:36,1790787456,5
2026-10-01 00:57:41,1790787461,5
2026-10-01 00:57:46,1790787466,5
2026-10-01 00:57:51,1790787471,5
2026-10-01 00:57:57,1790787477,6
2026-10-01 00:58:02,1790787482,5
2026-10-01 00:58:07,1790787487,5
2026-10-01 00:58:12,1790787492,5
2026-10-01 00:58:17,1790787497,5
2026-10-01 00:58:22,1790787502,5
2026-10-01 00:58:28,1790787508,6
2026-10-01 00:58:33,1790787513,5
2026-10-01 00:58:38,1790787518,5
2026-10-01 00:58:43,1790787523,5
2026-10-01 00:58:48,1790787528,5
2026-10-01 00:58:53,1790787533,5
2026-10-01 00:58:59,1790787539,6
2026-10-01 00:59:04,1790787544,5
2026-10-01 00:59:09,1790787549,5
2026-10-01 00:59:14,1790787554,5
2026-10-01 00:59:19,1790787559,5
2026-10-01 00:59:24,1790787564,5
2026-10-01 00:59:30,1790787570,6
2026-10-01 00:59:35,1790787575,5
2026-10-01 00:59:40,1790787580,5
2026-10-01 00:59:45,1790787585,5
2026-10-01 00:59:50,1790787590,5
2026-10-01 00:59:55,1790787595,5
2026-10-01 01:00:01,1790787601,6
2026-10-01 01:00:06,1790787606,5
2026-10-01 01:00:11,1790787611,5
2026-10-01 01:00:16,1790787616,5
2026-10-01 01:00:26,1790787626,10
2026-10-01 01:00:32,1790787632,6
2026-10-01 01:00:37,1790787637,5
2026-10-01 01:00:42,1790787642,5
2026-10-01 01:00:47,1790787647,5
2026-10-01 01:00:52,1790787652,5
2026-10-01 01:00:57,1790787657,5
2026-10-01 01:01:03,1790787663,6
2026-10-01 01:01:08,1790787668,5
2026-10-01 01:01:13,1790787673,5
2026-10-01 01:01:18,1790787678,5
2026-10-01 01:01:23,1790787683,5
2026-10-01 01:01:28,1790787688,5
2026-10-01 01:01:34,1790787694,6
2026-10-01 01:01:39,1790787699,5
2026-10-01 01:01:44,1790787704,5
2026-10-01 01:01:49,1790787709,5
2026-10-01 01:01:54,1790787714,5
2026-10-01 01:01:59,1790787719,5
2026-10-01 01:02:05,1790787725,6
2026-10-01 01:02:10,1790787730,5
2026-10-01 01:02:15,1790787735,5
2026-10-01 01:02:20,1790787740,5
2026-10-01 01:02:25,1790787745,5
2026-10-01 01:02:30,1790787750,5
2026-10-01 01:02:35,1790787755,5
2026-10-01 01:02:40,1790787760,5
2026-10-01 01:02:45,1790787765,5
2026-10-01 01:02:52,1790787772,7
2026-10-01 01:02:57,1790787777,5
2026-10-01 01:03:02,1790787782,5
2026-10-01 01:03:07,1790787787,5
2026-10-01 01:03:12,1790787792,5
2026-10-01 01:03:17,1790787797,5
2026-10-01 01:03:22,1790787802,5
2026-10-01 01:03:27,1790787807,5
2026-10-01 01:03:32,1790787812,5
2026-10-01 01:03:38,1790787818,6
2026-10-01 01:03:43,1790787823,5
2026-10-01 01:03:51,1790787831,8
2026-10-01 01:03:56,1790787836,5
2026-10-01 01:04:01,1790787841,5
2026-10-01 01:04:07,1790787847,6
2026-10-01 01:04:12,1790787852,5
2026-10-01 01:04:17,1790787857,5
2026-10-01 01:04:22,1790787862,5
2026-10-01 01:04:27,1790787867,5
2026-10-01 01:04:32,1790787872,5
2026-10-01 01:04:37,1790787877,5
2026-10-01 01:04:42,1790787882,5
2026-10-01 01:04:47,1790787887,5
2026-10-01 01:04:54,1790787894,7
2026-10-01 01:04:59,1790787899,5
2026-10-01 01:05:04,1790787904,5
2026-10-01 01:05:09,1790787909,5
2026-10-01 01:05:14,1790787914,5
2026-10-01 01:05:19,1790787919,5
2026-10-01 01:05:24,1790787924,5
2026-10-01 01:05:29,1790787929,5
2026-10-01 01:05:34,1790787934,5
2026-10-01 01:05:40,1790787940,6
2026-10-01 01:05:45,1790787945,5
2026-10-01 01:05:50,1790787950,5
2026-10-01 01:05:55,1790787955,5
2026-10-01 01:06:00,1790787960,5
2026-10-01 01:06:05,1790787965,5
2026-10-01 01:06:11,1790787971,6
2026-10-01 01:06:16,1790787976,5
2026-10-01 01:06:21,1790787981,5
2026-10-01 01:06:26,1790787986,5
2026-10-01 01:06:31,1790787991,5
2026-10-01 01:06:36,1790787996,5
2026-10-01 01:06:42,1790788002,6
2026-10-01 01:06:47,1790788007,5
2026-10-01 01:06:52,1790788012,5
2026-10-01 01:06:57,1790788017,5
2026-10-01 01:07:03,1790788023,6
2026-10-01 01:07:07,1790788027,4
2026-10-01 01:07:14,1790788034,7
2026-10-01 01:07:19,1790788039,5
2026-10-01 01:07:24,1790788044,5
2026-10-01 01:07:29,1790788049,5
2026-10-01 01:07:34,1790788054,5
2026-10-01 01:07:39,1790788059,5
2026-10-01 01:07:45,1790788065,6
2026-10-01 01:07:50,1790788070,5
2026-10-01 01:07:55,1790788075,5
2026-10-01 01:08:00,1790788080,5
2026-10-01 01:08:05,1790788085,5
2026-10-01 01:08:10,1790788090,5
2026-10-01 01:08:16,1790788096,6
2026-10-01 01:08:21,1790788101,5
2026-10-01 01:08:26,1790788106,5
2026-10-01 01:08:31,1790788111,5
2026-10-01 01:08:36,1790788116,5
2026-10-01 01:08:41,1790788121,5
2026-10-01 01:08:47,1790788127,6
2026-10-01 01:08:52,1790788132,5
2026-10-01 01:08:57,1790788137,5
2026-10-01 01:09:02,1790788142,5
2026-10-01 01:09:07,1790788147,5
2026-10-01 01:09:12,1790788152,5
2026-10-01 01:09:18,1790788158,6
2026-10-01 01:09:23,1790788163,5
2026-10-01 01:09:28,1790788168,5
2026-10-01 01:09:33,1790788173,5
2026-10-01 01:09:38,1790788178,5
2026-10-01 01:09:43,1790788183,5
2026-10-01 01:09:49,1790788189,6
2026-10-01 01:09:54,1790788194,5
2026-10-01 01:10:00,1790788200,6
2026-10-01 01:10:05,1790788205,5
2026-10-01 01:10:10,1790788210,5
2026-10-01 01:10:15,1790788215,5
2026-10-01 01:10:21,1790788221,6
2026-10-01 01:10:26,1790788226,5
2026-10-01 01:10:31,1790788231,5
2026-10-01 01:10:36,1790788236,5
2026-10-01 01:10:41,1790788241,5
2026-10-01 01:10:46,1790788246,5
2026-10-01 01:10:52,1790788252,6
2026-10-01 01:10:57,1790788257,5
2026-10-01 01:11:02,1790788262,5
2026-10-01 01:11:07,1790788267,5
2026-10-01 01:11:12,1790788272,5
2026-10-01 01:11:17,1790788277,5
2026-10-01 01:11:23,1790788283,6
2026-10-01 01:11:28,1790788288,5
2026-10-01 01:11:33,1790788293,5
2026-10-01 01:11:38,1790788298,5
2026-10-01 01:11:43,1790788303,5
2026-10-01 01:11:48,1790788308,5
2026-10-01 01:11:54,1790788314,6
2026-10-01 01:11:59,1790788319,5
2026-10-01 01:12:04,1790788324,5
2026-10-01 01:12:09,1790788329,5
2026-10-01 01:12:14,1790788334,5
2026-10-01 01:12:19,1790788339,5
2026-10-01 01:12:25,1790788345,6
2026-10-01 01:12:30,1790788350,5
2026-10-01 01:12:35,1790788355,5
2026-10-01 01:12:40,1790788360,5
2026-10-01 01:12:46,1790788366,6
2026-10-01 01:12:51,1790788371,5
2026-10-01 01:12:57,1790788377,6
2026-10-01 01:13:02,1790788382,5
2026-10-01 01:13:07,1790788387,5
2026-10-01 01:13:12,1790788392,5
2026-10-01 01:13:17,1790788397,5
2026-10-01 01:13:22,1790788402,5
2026-10-01 01:13:28,1790788408,6
2026-10-01 01:13:33,1790788413,5
2026-10-01 01:13:38,1790788418,5
2026-10-01 01:13:43,1790788423,5
2026-10-01 01:13:48,1790788428,5
2026-10-01 01:13:53,1790788433,5
2026-10-01 01:13:59,1790788439,6
2026-10-01 01:14:04,1790788444,5
2026-10-01 01:14:09,1790788449,5
2026-10-01 01:14:14,1790788454,5
2026-10-01 01:14:19,1790788459,5
2026-10-01 01:14:24,1790788464,5
2026-10-01 01:14:30,1790788470,6
2026-10-01 01:14:35,1790788475,5
2026-10-01 01:14:40,1790788480,5
2026-10-01 01:14:45,1790788485,5
2026-10-01 01:14:50,1790788490,5
2026-10-01 01:14:55,1790788495,5
2026-10-01 01:15:01,1790788501,6
2026-10-01 01:15:06,1790788506,5
2026-10-01 01:15:11,1790788511,5
2026-10-01 01:15:16,1790788516,5
2026-10-01 01:15:22,1790788522,6
2026-10-01 01:15:27,1790788527,5
2026-10-01 01:15:33,1790788533,6
2026-10-01 01:15:38,1790788538,5
2026-10-01 01:15:43,1790788543,5
2026-10-01 01:15:48,1790788548,5
2026-10-01 01:15:53,1790788553,5
2026-10-01 01:15:58,1790788558,5
2026-10-01 01:16:04,1790788564,6
2026-10-01 01:16:09,1790788569,5
2026-10-01 01:16:14,1790788574,5
2026-10-01 01:16:19,1790788579,5
2026-10-01 01:16:24,1790788584,5
2026-10-01 01:16:29,1790788589,5
2026-10-01 01:16:35,1790788595,6
2026-10-01 01:16:40,1790788600,5
2026-10-01 01:16:45,1790788605,5
2026-10-01 01:16:50,1790788610,5
2026-10-01 01:16:55,1790788615,5
2026-10-01 01:17:00,1790788620,5
2026-10-01 01:17:06,1790788626,6
2026-10-01 01:17:11,1790788631,5
2026-10-01 01:17:16,1790788636,5
2026-10-01 01:17:21,1790788641,5
2026-10-01 01:17:26,1790788646,5
2026-10-01 01:17:31,1790788651,5
2026-10-01 01:17:38,1790788658,7
2026-10-01 01:17:43,1790788663,5
2026-10-01 01:17:48,1790788668,5
2026-10-01 01:17:53,1790788673,5
2026-10-01 01:17:58,1790788678,5
2026-10-01 01:18:03,1790788683,5
2026-10-01 01:18:09,1790788689,6
2026-10-01 01:18:14,1790788694,5
2026-10-01 01:18:19,1790788699,5
2026-10-01 01:18:24,1790788704,5
2026-10-01 01:18:29,1790788709,5
2026-10-01 01:18:34,1790788714,5
2026-10-01 01:18:40,1790788720,6
2026-10-01 01:18:45,1790788725,5
2026-10-01 01:18:50,1790788730,5
2026-10-01 01:18:55,1790788735,5
2026-10-01 01:19:00,1790788740,5
2026-10-01 01:19:05,1790788745,5
2026-10-01 01:19:11,1790788751,6
2026-10-01 01:19:16,1790788756,5
2026-10-01 01:19:21,1790788761,5
2026-10-01 01:19:26,1790788766,5
2026-10-01 01:19:31,1790788771,5
2026-10-01 01:19:36,1790788776,5
2026-10-01 01:19:42,1790788782,6
2026-10-01 01:19:47,1790788787,5
2026-10-01 01:19:52,1790788792,5
2026-10-01 01:19:57,1790788797,5
2026-10-01 01:20:02,1790788802,5
2026-10-01 01:20:07,1790788807,5
2026-10-01 01:20:14,1790788814,7
2026-10-01 01:20:19,1790788819,5
2026-10-01 01:20:24,1790788824,5
2026-10-01 01:20:29,1790788829,5
2026-10-01 01:20:34,1790788834,5
2026-10-01 01:20:39,1790788839,5
2026-10-01 01:20:45,1790788845,6
2026-10-01 01:20:50,1790788850,5
2026-10-01 01:20:55,1790788855,5
2026-10-01 01:21:00,1790788860,5
2026-10-01 01:21:05,1790788865,5
2026-10-01 01:21:10,1790788870,5
2026-10-01 01:21:16,1790788876,6
2026-10-01 01:21:21,1790788881,5
2026-10-01 01:21:26,1790788886,5
2026-10-01 01:21:31,1790788891,5
2026-10-01 01:21:36,1790788896,5
2026-10-01 01:21:41,1790788901,5
2026-10-01 01:21:47,1790788907,6
2026-10-01 01:21:52,1790788912,5
2026-10-01 01:21:57,1790788917,5
2026-10-01 01:22:02,1790788922,5
2026-10-01 01:22:07,1790788927,5
2026-10-01 01:22:12,1790788932,5
2026-10-01 01:22:18,1790788938,6
2026-10-01 01:22:23,1790788943,5
2026-10-01 01:22:28,1790788948,5
2026-10-01 01:22:33,1790788953,5
2026-10-01 01:22:38,1790788958,5
2026-10-01 01:22:43,1790788963,5
2026-10-01 01:22:50,1790788970,7
2026-10-01 01:22:55,1790788975,5
2026-10-01 01:23:00,1790788980,5
2026-10-01 01:23:05,1790788985,5
2026-10-01 01:23:10,1790788990,5
2026-10-01 01:23:15,1790788995,5
2026-10-01 01:23:21,1790789001,6
2026-10-01 01:23:26,1790789006,5
2026-10-01 01:23:31,1790789011,5
2026-10-01 01:23:36,1790789016,5
2026-10-01 01:23:41,1790789021,5
2026-10-01 01:23:46,1790789026,5
2026-10-01 01:23:52,1790789032,6
2026-10-01 01:23:57,1790789037,5
2026-10-01 01:24:02,1790789042,5
2026-10-01 01:24:07,1790789047,5
2026-10-01 01:24:12,1790789052,5
2026-10-01 01:24:17,1790789057,5
2026-10-01 01:24:23,1790789063,6
2026-10-01 01:24:28,1790789068,5
2026-10-01 01:24:33,1790789073,5
2026-10-01 01:24:38,1790789078,5
2026-10-01 01:24:43,1790789083,5
2026-10-01 01:24:48,1790789088,5
2026-10-01 01:24:54,1790789094,6
2026-10-01 01:24:59,1790789099,5
2026-10-01 01:25:04,1790789104,5
2026-10-01 01:25:09,1790789109,5
2026-10-01 01:25:14,1790789114,5
2026-10-01 01:25:19,1790789119,5
2026-10-01 01:25:25,1790789125,6
2026-10-01 01:25:30,1790789130,5
2026-10-01 01:25:35,1790789135,5
2026-10-01 01:25:40,1790789140,5
2026-10-01 01:25:46,1790789146,6
2026-10-01 01:25:51,1790789151,5
2026-10-01 01:25:57,1790789157,6
2026-10-01 01:26:02,1790789162,5
2026-10-01 01:26:07,1790789167,5
2026-10-01 01:26:12,1790789172,5
2026-10-01 01:26:17,1790789177,5
2026-10-01 01:26:22,1790789182,5
2026-10-01 01:26:28,1790789188,6
2026-10-01 01:26:33,1790789193,5
2026-10-01 01:26:38,1790789198,5
2026-10-01 01:26:43,1790789203,5
2026-10-01 01:26:48,1790789208,5
2026-10-01 01:26:53,1790789213,5
2026-10-01 01:26:59,1790789219,6
2026-10-01 01:27:04,1790789224,5
2026-10-01 01:27:09,1790789229,5
2026-10-01 01:27:14,1790789234,5
2026-10-01 01:27:19,1790789239,5
2026-10-01 01:27:24,1790789244,5
2026-10-01 01:27:30,1790789250,6
2026-10-01 01:27:35,1790789255,5
2026-10-01 01:27:40,1790789260,5
2026-10-01 01:27:45,1790789265,5
2026-10-01 01:27:50,1790789270,5
2026-10-01 01:27:55,1790789275,5
2026-10-01 01:28:01,1790789281,6
2026-10-01 01:28:06,1790789286,5
2026-10-01 01:28:11,1790789291,5
2026-10-01 01:28:16,1790789296,5
2026-10-01 01:28:21,1790789301,5
2026-10-01 01:28:26,1790789306,5
2026-10-01 01:28:32,1790789312,6
2026-10-01 01:28:37,1790789317,5
2026-10-01 01:28:43,1790789323,6
2026-10-01 01:28:48,1790789328,5
2026-10-01 01:28:53,1790789333,5
2026-10-01 01:28:58,1790789338,5
2026-10-01 01:29:04,1790789344,6
2026-10-01 01:29:09,1790789349,5
2026-10-01 01:29:14,1790789354,5
2026-10-01 01:29:19,1790789359,5
2026-10-01 01:29:24,1790789364,5
2026-10-01 01:29:29,1790789369,5
2026-10-01 01:29:35,1790789375,6
2026-10-01 01:29:40,1790789380,5
2026-10-01 01:29:45,1790789385,5
2026-10-01 01:29:50,1790789390,5
2026-10-01 01:29:55,1790789395,5
2026-10-01 01:30:00,1790789400,5
2026-10-01 01:30:06,1790789406,6
2026-10-01 01:30:11,1790789411,5
2026-10-01 01:30:16,1790789416,5
2026-10-01 01:30:21,1790789421,5
2026-10-01 01:30:26,1790789426,5
2026-10-01 01:30:31,1790789431,5
2026-10-01 01:30:37,1790789437,6
2026-10-01 01:30:42,1790789442,5
2026-10-01 01:30:47,1790789447,5
2026-10-01 01:30:52,1790789452,5
2026-10-01 01:30:57,1790789457,5
2026-10-01 01:31:02,1790789462,5
2026-10-01 01:31:09,1790789469,7
2026-10-01 01:31:14,1790789474,5
2026-10-01 01:31:19,1790789479,5
2026-10-01 01:31:28,1790789488,9
2026-10-01 01:31:33,1790789493,5
2026-10-01 01:31:39,1790789499,6
2026-10-01 01:31:44,1790789504,5
2026-10-01 01:31:49,1790789509,5
2026-10-01 01:31:54,1790789514,5
2026-10-01 01:31:59,1790789519,5
2026-10-01 01:32:05,1790789525,6
2026-10-01 01:32:11,1790789531,6
2026-10-01 01:32:16,1790789536,5
2026-10-01 01:32:21,1790789541,5
2026-10-01 01:32:26,1790789546,5
2026-10-01 01:32:31,1790789551,5
2026-10-01 01:32:36,1790789556,5
2026-10-01 01:32:42,1790789562,6
2026-10-01 01:32:47,1790789567,5
2026-10-01 01:32:52,1790789572,5
2026-10-01 01:33:01,1790789581,9
2026-10-01 01:33:06,1790789586,5
2026-10-01 01:33:12,1790789592,6
2026-10-01 01:33:17,1790789597,5
2026-10-01 01:33:22,1790789602,5
2026-10-01 01:33:27,1790789607,5
2026-10-01 01:33:32,1790789612,5
2026-10-01 01:33:37,1790789617,5
2026-10-01 01:33:43,1790789623,6
2026-10-01 01:33:48,1790789628,5
2026-10-01 01:33:53,1790789633,5
2026-10-01 01:33:58,1790789638,5
2026-10-01 01:34:03,1790789643,5
2026-10-01 01:34:08,1790789648,5
2026-10-01 01:34:14,1790789654,6
2026-10-01 01:34:19,1790789659,5
2026-10-01 01:34:24,1790789664,5
2026-10-01 01:34:29,1790789669,5
2026-10-01 01:34:34,1790789674,5
2026-10-01 01:34:39,1790789679,5
2026-10-01 01:34:46,1790789686,7
2026-10-01 01:34:51,1790789691,5
2026-10-01 01:34:56,1790789696,5
2026-10-01 01:35:01,1790789701,5
2026-10-01 01:35:06,1790789706,5
2026-10-01 01:35:11,1790789711,5
2026-10-01 01:35:17,1790789717,6
2026-10-01 01:35:22,1790789722,5
2026-10-01 01:35:27,1790789727,5
2026-10-01 01:35:32,1790789732,5
2026-10-01 01:35:37,1790789737,5
2026-10-01 01:35:42,1790789742,5
2026-10-01 01:35:48,1790789748,6
2026-10-01 01:35:53,1790789753,5
2026-10-01 01:35:58,1790789758,5
2026-10-01 01:36:03,1790789763,5
2026-10-01 01:36:08,1790789768,5
2026-10-01 01:36:13,1790789773,5
2026-10-01 01:36:19,1790789779,6
2026-10-01 01:36:24,1790789784,5
2026-10-01 01:36:29,1790789789,5
2026-10-01 01:36:34,1790789794,5
2026-10-01 01:36:39,1790789799,5
2026-10-01 01:36:44,1790789804,5
2026-10-01 01:36:50,1790789810,6
2026-10-01 01:36:55,1790789815,5
2026-10-01 01:37:00,1790789820,5
2026-10-01 01:37:05,1790789825,5
2026-10-01 01:37:11,1790789831,6
2026-10-01 01:37:16,1790789836,5
2026-10-01 01:37:22,1790789842,6
2026-10-01 01:37:27,1790789847,5
2026-10-01 01:37:32,1790789852,5
2026-10-01 01:37:37,1790789857,5
2026-10-01 01:37:42,1790789862,5
2026-10-01 01:37:47,1790789867,5
2026-10-01 01:37:53,1790789873,6
2026-10-01 01:37:58,1790789878,5
2026-10-01 01:38:04,1790789884,6
2026-10-01 01:38:09,1790789889,5
2026-10-01 01:38:14,1790789894,5
2026-10-01 01:38:19,1790789899,5
2026-10-01 01:38:25,1790789905,6
2026-10-01 01:38:30,1790789910,5
2026-10-01 01:38:35,1790789915,5
2026-10-01 01:38:40,1790789920,5
2026-10-01 01:38:45,1790789925,5
2026-10-01 01:38:50,1790789930,5
2026-10-01 01:38:56,1790789936,6
2026-10-01 01:39:01,1790789941,5
2026-10-01 01:39:06,1790789946,5
2026-10-01 01:39:11,1790789951,5
2026-10-01 01:39:16,1790789956,5
2026-10-01 01:39:21,1790789961,5
2026-10-01 01:39:28,1790789968,7
2026-10-01 01:39:33,1790789973,5
2026-10-01 01:39:38,1790789978,5
2026-10-01 01:39:43,1790789983,5
2026-10-01 01:39:48,1790789988,5
2026-10-01 01:39:53,1790789993,5
2026-10-01 01:39:59,1790789999,6
2026-10-01 01:40:04,1790790004,5
2026-10-01 01:40:09,1790790009,5
2026-10-01 01:40:14,1790790014,5
2026-10-01 01:40:19,1790790019,5
2026-10-01 01:40:24,1790790024,5
2026-10-01 01:40:30,1790790030,6
2026-10-01 01:40:35,1790790035,5
2026-10-01 01:40:40,1790790040,5
2026-10-01 01:40:45,1790790045,5
2026-10-01 01:40:50,1790790050,5
2026-10-01 01:40:56,1790790056,6
2026-10-01 01:41:01,1790790061,5
2026-10-01 01:41:06,1790790066,5
2026-10-01 01:41:11,1790790071,5
2026-10-01 01:41:16,1790790076,5
2026-10-01 01:41:21,1790790081,5
2026-10-01 01:41:27,1790790087,6
2026-10-01 01:41:33,1790790093,6
2026-10-01 01:41:38,1790790098,5
2026-10-01 01:41:43,1790790103,5
2026-10-01 01:41:48,1790790108,5
2026-10-01 01:41:53,1790790113,5
2026-10-01 01:41:58,1790790118,5
2026-10-01 01:42:04,1790790124,6
2026-10-01 01:42:09,1790790129,5
2026-10-01 01:42:14,1790790134,5
2026-10-01 01:42:19,1790790139,5
2026-10-01 01:42:24,1790790144,5
2026-10-01 01:42:29,1790790149,5
2026-10-01 01:42:37,1790790157,8
2026-10-01 01:42:42,1790790162,5
2026-10-01 01:42:47,1790790167,5
2026-10-01 01:42:52,1790790172,5
2026-10-01 01:42:57,1790790177,5
2026-10-01 01:43:03,1790790183,6
2026-10-01 01:43:08,1790790188,5
2026-10-01 01:43:13,1790790193,5
2026-10-01 01:43:18,1790790198,5
2026-10-01 01:43:23,1790790203,5
2026-10-01 01:43:28,1790790208,5
2026-10-01 01:43:34,1790790214,6
2026-10-01 01:43:39,1790790219,5
2026-10-01 01:43:44,1790790224,5
2026-10-01 01:43:49,1790790229,5
2026-10-01 01:43:54,1790790234,5
2026-10-01 01:43:59,1790790239,5
2026-10-01 01:44:05,1790790245,6
2026-10-01 01:44:10,1790790250,5
2026-10-01 01:44:15,1790790255,5
2026-10-01 01:44:20,1790790260,5
2026-10-01 01:44:25,1790790265,5
2026-10-01 01:44:30,1790790270,5
2026-10-01 01:44:36,1790790276,6
2026-10-01 01:44:41,1790790281,5
2026-10-01 01:44:47,1790790287,6
2026-10-01 01:44:52,1790790292,5
2026-10-01 01:44:57,1790790297,5
2026-10-01 01:45:02,1790790302,5
2026-10-01 01:45:08,1790790308,6
2026-10-01 01:45:13,1790790313,5
2026-10-01 01:45:18,1790790318,5
2026-10-01 01:45:23,1790790323,5
2026-10-01 01:45:28,1790790328,5
2026-10-01 01:45:33,1790790333,5
2026-10-01 01:45:39,1790790339,6
2026-10-01 01:45:44,1790790344,5
2026-10-01 01:45:49,1790790349,5
2026-10-01 01:45:54,1790790354,5
2026-10-01 01:45:59,1790790359,5
2026-10-01 01:46:04,1790790364,5
2026-10-01 01:46:10,1790790370,6
2026-10-01 01:46:15,1790790375,5
2026-10-01 01:46:20,1790790380,5
2026-10-01 01:46:25,1790790385,5
2026-10-01 01:46:30,1790790390,5
2026-10-01 01:46:35,1790790395,5
2026-10-01 01:46:41,1790790401,6
2026-10-01 01:46:46,1790790406,5
2026-10-01 01:46:52,1790790412,6
2026-10-01 01:46:57,1790790417,5
2026-10-01 01:47:02,1790790422,5
2026-10-01 01:47:07,1790790427,5
2026-10-01 01:47:13,1790790433,6
2026-10-01 01:47:18,1790790438,5
2026-10-01 01:47:23,1790790443,5
2026-10-01 01:47:28,1790790448,5
2026-10-01 01:47:33,1790790453,5
2026-10-01 01:47:38,1790790458,5
2026-10-01 01:47:44,1790790464,6
2026-10-01 01:47:49,1790790469,5
2026-10-01 01:47:54,1790790474,5
2026-10-01 01:47:59,1790790479,5
2026-10-01 01:48:04,1790790484,5
2026-10-01 01:48:09,1790790489,5
2026-10-01 01:48:15,1790790495,6
2026-10-01 01:48:20,1790790500,5
2026-10-01 01:48:25,1790790505,5
2026-10-01 01:48:30,1790790510,5
2026-10-01 01:48:35,1790790515,5
2026-10-01 01:48:40,1790790520,5
2026-10-01 01:48:46,1790790526,6
2026-10-01 01:48:52,1790790532,6
2026-10-01 01:48:57,1790790537,5
2026-10-01 01:49:02,1790790542,5
2026-10-01 01:49:07,1790790547,5
2026-10-01 01:49:12,1790790552,5
2026-10-01 01:49:18,1790790558,6
2026-10-01 01:49:23,1790790563,5
2026-10-01 01:49:28,1790790568,5
2026-10-01 01:49:33,1790790573,5
2026-10-01 01:49:38,1790790578,5
2026-10-01 01:49:43,1790790583,5
2026-10-01 01:49:49,1790790589,6
2026-10-01 01:49:54,1790790594,5
2026-10-01 01:49:59,1790790599,5
2026-10-01 01:50:04,1790790604,5
2026-10-01 01:50:09,1790790609,5
2026-10-01 01:50:14,1790790614,5
2026-10-01 01:50:20,1790790620,6
2026-10-01 01:50:25,1790790625,5
2026-10-01 01:50:30,1790790630,5
2026-10-01 01:50:35,1790790635,5
2026-10-01 01:50:40,1790790640,5
2026-10-01 01:50:45,1790790645,5
2026-10-01 01:50:52,1790790652,7
2026-10-01 01:50:57,1790790657,5
2026-10-01 01:51:02,1790790662,5
2026-10-01 01:51:07,1790790667,5
2026-10-01 01:51:12,1790790672,5
2026-10-01 01:51:17,1790790677,5
2026-10-01 01:51:23,1790790683,6
2026-10-01 01:51:28,1790790688,5
2026-10-01 01:51:33,1790790693,5
2026-10-01 01:51:38,1790790698,5
2026-10-01 01:51:43,1790790703,5
2026-10-01 01:51:48,1790790708,5
2026-10-01 01:51:54,1790790714,6
2026-10-01 01:51:59,1790790719,5
2026-10-01 01:52:04,1790790724,5
2026-10-01 01:52:09,1790790729,5
2026-10-01 01:52:14,1790790734,5
2026-10-01 01:52:19,1790790739,5
2026-10-01 01:52:26,1790790746,7
2026-10-01 01:52:31,1790790751,5
2026-10-01 01:52:36,1790790756,5
2026-10-01 01:52:41,1790790761,5
2026-10-01 01:52:46,1790790766,5
2026-10-01 01:52:51,1790790771,5
2026-10-01 01:52:57,1790790777,6
2026-10-01 01:53:02,1790790782,5
2026-10-01 01:53:07,1790790787,5
2026-10-01 01:53:12,1790790792,5
2026-10-01 01:53:17,1790790797,5
2026-10-01 01:53:22,1790790802,5
2026-10-01 01:53:28,1790790808,6
2026-10-01 01:53:33,1790790813,5
2026-10-01 01:53:38,1790790818,5
2026-10-01 01:53:43,1790790823,5
2026-10-01 01:53:48,1790790828,5
2026-10-01 01:53:53,1790790833,5
2026-10-01 01:54:00,1790790840,7
2026-10-01 01:54:05,1790790845,5
2026-10-01 01:54:10,1790790850,5
2026-10-01 01:54:15,1790790855,5
2026-10-01 01:54:20,1790790860,5
2026-10-01 01:54:25,1790790865,5
2026-10-01 01:54:31,1790790871,6
2026-10-01 01:54:36,1790790876,5
2026-10-01 01:54:41,1790790881,5
2026-10-01 01:54:46,1790790886,5
2026-10-01 01:54:51,1790790891,5
2026-10-01 01:54:56,1790790896,5
2026-10-01 01:55:02,1790790902,6
2026-10-01 01:55:07,1790790907,5
2026-10-01 01:55:12,1790790912,5
2026-10-01 01:55:17,1790790917,5
2026-10-01 01:55:22,1790790922,5
2026-10-01 01:55:27,1790790927,5
2026-10-01 01:55:33,1790790933,6
2026-10-01 01:55:38,1790790938,5
2026-10-01 01:55:43,1790790943,5
2026-10-01 01:55:48,1790790948,5
2026-10-01 01:55:53,1790790953,5
2026-10-01 01:55:58,1790790958,5
2026-10-01 01:56:05,1790790965,7
2026-10-01 01:56:10,1790790970,5
2026-10-01 01:56:15,1790790975,5
2026-10-01 01:56:20,1790790980,5
2026-10-01 01:56:25,1790790985,5
2026-10-01 01:56:30,1790790990,5
2026-10-01 01:56:36,1790790996,6
2026-10-01 01:56:41,1790791001,5
2026-10-01 01:56:46,1790791006,5
2026-10-01 01:56:51,1790791011,5
2026-10-01 01:56:56,1790791016,5
2026-10-01 01:57:01,1790791021,5
2026-10-01 01:57:07,1790791027,6
2026-10-01 01:57:12,1790791032,5
2026-10-01 01:57:17,1790791037,5
2026-10-01 01:57:22,1790791042,5
2026-10-01 01:57:27,1790791047,5
2026-10-01 01:57:32,1790791052,5
2026-10-01 01:57:39,1790791059,7
2026-10-01 01:57:44,1790791064,5
2026-10-01 01:57:49,1790791069,5
2026-10-01 01:57:54,1790791074,5
2026-10-01 01:57:59,1790791079,5
2026-10-01 01:58:04,1790791084,5
2026-10-01 01:58:10,1790791090,6
2026-10-01 01:58:15,1790791095,5
2026-10-01 01:58:20,1790791100,5
2026-10-01 01:58:25,1790791105,5
2026-10-01 01:58:30,1790791110,5
2026-10-01 01:58:35,1790791115,5
2026-10-01 01:58:41,1790791121,6
2026-10-01 01:58:46,1790791126,5
2026-10-01 01:58:51,1790791131,5
2026-10-01 01:58:56,1790791136,5
2026-10-01 01:59:01,1790791141,5
2026-10-01 01:59:06,1790791146,5
2026-10-01 01:59:13,1790791153,7
2026-10-01 01:59:18,1790791158,5
2026-10-01 01:59:23,1790791163,5
2026-10-01 01:59:28,1790791168,5
2026-10-01 01:59:33,1790791173,5
2026-10-01 01:59:38,1790791178,5
2026-10-01 01:59:44,1790791184,6
2026-10-01 01:59:49,1790791189,5
2026-10-01 01:59:54,1790791194,5
2026-10-01 01:59:59,1790791199,5
2026-10-01 02:00:04,1790791204,5
2026-10-01 02:00:09,1790791209,5
2026-10-01 02:00:15,1790791215,6
2026-10-01 02:00:20,1790791220,5
2026-10-01 02:00:25,1790791225,5
2026-10-01 02:00:30,1790791230,5
2026-10-01 02:00:35,1790791235,5
2026-10-01 02:00:40,1790791240,5
2026-10-01 02:00:47,1790791247,7
2026-10-01 02:00:52,1790791252,5
2026-10-01 02:00:57,1790791257,5
2026-10-01 02:01:02,1790791262,5
2026-10-01 02:01:07,1790791267,5
2026-10-01 02:01:12,1790791272,5
2026-10-01 02:01:18,1790791278,6
2026-10-01 02:01:23,1790791283,5
2026-10-01 02:01:28,1790791288,5
2026-10-01 02:01:33,1790791293,5
2026-10-01 02:01:38,1790791298,5
2026-10-01 02:01:43,1790791303,5
2026-10-01 02:01:49,1790791309,6
2026-10-01 02:01:54,1790791314,5
2026-10-01 02:01:59,1790791319,5
2026-10-01 02:02:04,1790791324,5
2026-10-01 02:02:09,1790791329,5
2026-10-01 02:02:14,1790791334,5
2026-10-01 02:02:21,1790791341,7
2026-10-01 02:02:28,1790791348,7
2026-10-01 02:02:33,1790791353,5
2026-10-01 02:02:38,1790791358,5
2026-10-01 02:02:43,1790791363,5
2026-10-01 02:02:49,1790791369,6
2026-10-01 02:02:54,1790791374,5
2026-10-01 02:02:59,1790791379,5
2026-10-01 02:03:04,1790791384,5
2026-10-01 02:03:09,1790791389,5
2026-10-01 02:03:14,1790791394,5
2026-10-01 02:03:21,1790791401,7
2026-10-01 02:03:26,1790791406,5
2026-10-01 02:03:31,1790791411,5
2026-10-01 02:03:36,1790791416,5
2026-10-01 02:03:41,1790791421,5
2026-10-01 02:03:46,1790791426,5
2026-10-01 02:03:52,1790791432,6
2026-10-01 02:03:57,1790791437,5
2026-10-01 02:04:02,1790791442,5
2026-10-01 02:04:07,1790791447,5
2026-10-01 02:04:12,1790791452,5
2026-10-01 02:04:17,1790791457,5
2026-10-01 02:04:23,1790791463,6
2026-10-01 02:04:28,1790791468,5
2026-10-01 02:04:33,1790791473,5
2026-10-01 02:04:38,1790791478,5
2026-10-01 02:04:44,1790791484,6
2026-10-01 02:04:49,1790791489,5
2026-10-01 02:04:55,1790791495,6
2026-10-01 02:05:00,1790791500,5
2026-10-01 02:05:05,1790791505,5
2026-10-01 02:05:10,1790791510,5
2026-10-01 02:05:15,1790791515,5
2026-10-01 02:05:20,1790791520,5
2026-10-01 02:05:26,1790791526,6
2026-10-01 02:05:31,1790791531,5
2026-10-01 02:05:36,1790791536,5
2026-10-01 02:05:41,1790791541,5
2026-10-01 02:05:46,1790791546,5
2026-10-01 02:05:51,1790791551,5
2026-10-01 02:05:57,1790791557,6
2026-10-01 02:06:02,1790791562,5
2026-10-01 02:06:08,1790791568,6
2026-10-01 02:06:13,1790791573,5
2026-10-01 02:06:18,1790791578,5
2026-10-01 02:06:23,1790791583,5
2026-10-01 02:06:29,1790791589,6
2026-10-01 02:06:34,1790791594,5
2026-10-01 02:06:39,1790791599,5
2026-10-01 02:06:44,1790791604,5
2026-10-01 02:06:49,1790791609,5
2026-10-01 02:06:54,1790791614,5
2026-10-01 02:07:00,1790791620,6
2026-10-01 02:07:05,1790791625,5
2026-10-01 02:07:10,1790791630,5
2026-10-01 02:07:15,1790791635,5
2026-10-01 02:07:20,1790791640,5
2026-10-01 02:07:25,1790791645,5
2026-10-01 02:07:31,1790791651,6
2026-10-01 02:07:36,1790791656,5
2026-10-01 02:07:41,1790791661,5
2026-10-01 02:07:46,1790791666,5
2026-10-01 02:07:51,1790791671,5
2026-10-01 02:07:56,1790791676,5
2026-10-01 02:08:03,1790791683,7
2026-10-01 02:08:08,1790791688,5
2026-10-01 02:08:13,1790791693,5
2026-10-01 02:08:18,1790791698,5
2026-10-01 02:08:23,1790791703,5
2026-10-01 02:08:28,1790791708,5
2026-10-01 02:08:34,1790791714,6
2026-10-01 02:08:39,1790791719,5
2026-10-01 02:08:44,1790791724,5
2026-10-01 02:08:49,1790791729,5
2026-10-01 02:08:54,1790791734,5
2026-10-01 02:08:59,1790791739,5
2026-10-01 02:09:05,1790791745,6
2026-10-01 02:09:10,1790791750,5
2026-10-01 02:09:15,1790791755,5
2026-10-01 02:09:20,1790791760,5
2026-10-01 02:09:25,1790791765,5
2026-10-01 02:09:30,1790791770,5
2026-10-01 02:09:37,1790791777,7
2026-10-01 02:09:42,1790791782,5
2026-10-01 02:09:47,1790791787,5
2026-10-01 02:09:52,1790791792,5
2026-10-01 02:09:57,1790791797,5
2026-10-01 02:10:02,1790791802,5
2026-10-01 02:10:08,1790791808,6
2026-10-01 02:10:13,1790791813,5
2026-10-01 02:10:18,1790791818,5
2026-10-01 02:10:23,1790791823,5
2026-10-01 02:10:28,1790791828,5
2026-10-01 02:10:33,1790791833,5
2026-10-01 02:10:39,1790791839,6
2026-10-01 02:10:44,1790791844,5
2026-10-01 02:10:49,1790791849,5
2026-10-01 02:10:54,1790791854,5
2026-10-01 02:10:59,1790791859,5
2026-10-01 02:11:04,1790791864,5
2026-10-01 02:11:10,1790791870,6
2026-10-01 02:11:15,1790791875,5
2026-10-01 02:11:20,1790791880,5
2026-10-01 02:11:25,1790791885,5
2026-10-01 02:11:30,1790791890,5
2026-10-01 02:11:36,1790791896,6
2026-10-01 02:11:42,1790791902,6
2026-10-01 02:11:47,1790791907,5
2026-10-01 02:11:52,1790791912,5
2026-10-01 02:11:57,1790791917,5
2026-10-01 02:12:02,1790791922,5
2026-10-01 02:12:07,1790791927,5
2026-10-01 02:12:13,1790791933,6
2026-10-01 02:12:18,1790791938,5
2026-10-01 02:12:23,1790791943,5
2026-10-01 02:12:28,1790791948,5
2026-10-01 02:12:33,1790791953,5
2026-10-01 02:12:38,1790791958,5
2026-10-01 02:12:44,1790791964,6
2026-10-01 02:12:49,1790791969,5
2026-10-01 02:12:54,1790791974,5
2026-10-01 02:13:00,1790791980,6
2026-10-01 02:13:05,1790791985,5
2026-10-01 02:13:10,1790791990,5
2026-10-01 02:13:16,1790791996,6
2026-10-01 02:13:21,1790792001,5
2026-10-01 02:13:26,1790792006,5
2026-10-01 02:13:31,1790792011,5
2026-10-01 02:13:36,1790792016,5
2026-10-01 02:13:41,1790792021,5
2026-10-01 02:13:47,1790792027,6
2026-10-01 02:13:52,1790792032,5
2026-10-01 02:13:57,1790792037,5
2026-10-01 02:14:02,1790792042,5
2026-10-01 02:14:07,1790792047,5
2026-10-01 02:14:12,1790792052,5
2026-10-01 02:14:18,1790792058,6
2026-10-01 02:14:23,1790792063,5
2026-10-01 02:14:28,1790792068,5
2026-10-01 02:14:33,1790792073,5
2026-10-01 02:14:38,1790792078,5
2026-10-01 02:14:43,1790792083,5
2026-10-01 02:14:50,1790792090,7
2026-10-01 02:14:55,1790792095,5
2026-10-01 02:15:00,1790792100,5
2026-10-01 02:15:05,1790792105,5
2026-10-01 02:15:10,1790792110,5
2026-10-01 02:15:15,1790792115,5
2026-10-01 02:15:21,1790792121,6
2026-10-01 02:15:26,1790792126,5
2026-10-01 02:15:31,1790792131,5
2026-10-01 02:15:36,1790792136,5
2026-10-01 02:15:41,1790792141,5
2026-10-01 02:15:46,1790792146,5
2026-10-01 02:15:52,1790792152,6
2026-10-01 02:15:57,1790792157,5
2026-10-01 02:16:02,1790792162,5
2026-10-01 02:16:07,1790792167,5
2026-10-01 02:16:12,1790792172,5
2026-10-01 02:16:17,1790792177,5
2026-10-01 02:16:24,1790792184,7
2026-10-01 02:16:29,1790792189,5
2026-10-01 02:16:34,1790792194,5
2026-10-01 02:16:39,1790792199,5
2026-10-01 02:16:44,1790792204,5
2026-10-01 02:16:49,1790792209,5
2026-10-01 02:16:55,1790792215,6
2026-10-01 02:17:00,1790792220,5
2026-10-01 02:17:05,1790792225,5
2026-10-01 02:17:10,1790792230,5
2026-10-01 02:17:15,1790792235,5
2026-10-01 02:17:20,1790792240,5
2026-10-01 02:17:26,1790792246,6
2026-10-01 02:17:31,1790792251,5
2026-10-01 02:17:36,1790792256,5
2026-10-01 02:17:42,1790792262,6
2026-10-01 02:17:47,1790792267,5
2026-10-01 02:17:52,1790792272,5
2026-10-01 02:17:58,1790792278,6
2026-10-01 02:18:03,1790792283,5
2026-10-01 02:18:08,1790792288,5
2026-10-01 02:18:13,1790792293,5
2026-10-01 02:18:18,1790792298,5
2026-10-01 02:18:23,1790792303,5
2026-10-01 02:18:29,1790792309,6
2026-10-01 02:18:34,1790792314,5
2026-10-01 02:18:39,1790792319,5
2026-10-01 02:18:44,1790792324,5
2026-10-01 02:18:49,1790792329,5
2026-10-01 02:18:54,1790792334,5
2026-10-01 02:19:00,1790792340,6
2026-10-01 02:19:05,1790792345,5
2026-10-01 02:19:10,1790792350,5
2026-10-01 02:19:16,1790792356,6
2026-10-01 02:19:21,1790792361,5
2026-10-01 02:19:26,1790792366,5
2026-10-01 02:19:32,1790792372,6
2026-10-01 02:19:37,1790792377,5
2026-10-01 02:19:42,1790792382,5
2026-10-01 02:19:47,1790792387,5
2026-10-01 02:19:52,1790792392,5
2026-10-01 02:19:57,1790792397,5
2026-10-01 02:20:03,1790792403,6
2026-10-01 02:20:08,1790792408,5
2026-10-01 02:20:13,1790792413,5
2026-10-01 02:20:18,1790792418,5
2026-10-01 02:20:23,1790792423,5
2026-10-01 02:20:28,1790792428,5
2026-10-01 02:20:35,1790792435,7
2026-10-01 02:20:40,1790792440,5
2026-10-01 02:20:45,1790792445,5
2026-10-01 02:20:50,1790792450,5
2026-10-01 02:20:55,1790792455,5
2026-10-01 02:21:00,1790792460,5
2026-10-01 02:21:06,1790792466,6
2026-10-01 02:21:11,1790792471,5
2026-10-01 02:21:16,1790792476,5
2026-10-01 02:21:21,1790792481,5
2026-10-01 02:21:26,1790792486,5
2026-10-01 02:21:31,1790792491,5
2026-10-01 02:21:37,1790792497,6
2026-10-01 02:21:42,1790792502,5
2026-10-01 02:21:47,1790792507,5
2026-10-01 02:21:52,1790792512,5
2026-10-01 02:21:57,1790792517,5
2026-10-01 02:22:02,1790792522,5
2026-10-01 02:22:09,1790792529,7
2026-10-01 02:22:14,1790792534,5
2026-10-01 02:22:19,1790792539,5
2026-10-01 02:22:24,1790792544,5
2026-10-01 02:22:29,1790792549,5
2026-10-01 02:22:34,1790792554,5
2026-10-01 02:22:40,1790792560,6
2026-10-01 02:22:45,1790792565,5
2026-10-01 02:22:50,1790792570,5
2026-10-01 02:22:55,1790792575,5
2026-10-01 02:23:00,1790792580,5
2026-10-01 02:23:05,1790792585,5
2026-10-01 02:23:11,1790792591,6
2026-10-01 02:23:16,1790792596,5
2026-10-01 02:23:21,1790792601,5
2026-10-01 02:23:27,1790792607,6
2026-10-01 02:23:32,1790792612,5
2026-10-01 02:23:37,1790792617,5
2026-10-01 02:23:43,1790792623,6
2026-10-01 02:23:48,1790792628,5
2026-10-01 02:23:53,1790792633,5
2026-10-01 02:23:58,1790792638,5
2026-10-01 02:24:03,1790792643,5
2026-10-01 02:24:08,1790792648,5
2026-10-01 02:24:14,1790792654,6
2026-10-01 02:24:19,1790792659,5
2026-10-01 02:24:24,1790792664,5
2026-10-01 02:24:29,1790792669,5
2026-10-01 02:24:34,1790792674,5
2026-10-01 02:24:40,1790792680,6
2026-10-01 02:24:46,1790792686,6
2026-10-01 02:24:51,1790792691,5
2026-10-01 02:24:56,1790792696,5
2026-10-01 02:25:01,1790792701,5
2026-10-01 02:25:06,1790792706,5
2026-10-01 02:25:11,1790792711,5
2026-10-01 02:25:17,1790792717,6
2026-10-01 02:25:22,1790792722,5
2026-10-01 02:25:27,1790792727,5
2026-10-01 02:25:32,1790792732,5
2026-10-01 02:25:37,1790792737,5
2026-10-01 02:25:43,1790792743,6
2026-10-01 02:25:48,1790792748,5
2026-10-01 02:25:53,1790792753,5
2026-10-01 02:25:58,1790792758,5
2026-10-01 02:26:03,1790792763,5
2026-10-01 02:26:08,1790792768,5
2026-10-01 02:26:15,1790792775,7
2026-10-01 02:26:20,1790792780,5
2026-10-01 02:26:25,1790792785,5
2026-10-01 02:26:30,1790792790,5
2026-10-01 02:26:35,1790792795,5
2026-10-01 02:26:40,1790792800,5
2026-10-01 02:26:46,1790792806,6
2026-10-01 02:26:51,1790792811,5
2026-10-01 02:26:56,1790792816,5
2026-10-01 02:27:01,1790792821,5
2026-10-01 02:27:06,1790792826,5
2026-10-01 02:27:11,1790792831,5
2026-10-01 02:27:17,1790792837,6
2026-10-01 02:27:22,1790792842,5
2026-10-01 02:27:27,1790792847,5
2026-10-01 02:27:32,1790792852,5
2026-10-01 02:27:37,1790792857,5
2026-10-01 02:27:42,1790792862,5
2026-10-01 02:27:49,1790792869,7
2026-10-01 02:27:54,1790792874,5
2026-10-01 02:27:59,1790792879,5
2026-10-01 02:28:04,1790792884,5
2026-10-01 02:28:09,1790792889,5
2026-10-01 02:28:14,1790792894,5
2026-10-01 02:28:20,1790792900,6
2026-10-01 02:28:25,1790792905,5
2026-10-01 02:28:30,1790792910,5
2026-10-01 02:28:35,1790792915,5
2026-10-01 02:28:40,1790792920,5
2026-10-01 02:28:45,1790792925,5
2026-10-01 02:28:51,1790792931,6
2026-10-01 02:28:56,1790792936,5
2026-10-01 02:29:01,1790792941,5
2026-10-01 02:29:06,1790792946,5
2026-10-01 02:29:12,1790792952,6
2026-10-01 02:29:17,1790792957,5
2026-10-01 02:29:23,1790792963,6
2026-10-01 02:29:28,1790792968,5
2026-10-01 02:29:33,1790792973,5
2026-10-01 02:29:38,1790792978,5
2026-10-01 02:29:43,1790792983,5
2026-10-01 02:29:48,1790792988,5
2026-10-01 02:29:54,1790792994,6
2026-10-01 02:29:59,1790792999,5
2026-10-01 02:30:04,1790793004,5
2026-10-01 02:30:09,1790793009,5
2026-10-01 02:30:14,1790793014,5
2026-10-01 02:30:19,1790793019,5
2026-10-01 02:30:26,1790793026,7
2026-10-01 02:30:31,1790793031,5
2026-10-01 02:30:36,1790793036,5
2026-10-01 02:30:41,1790793041,5
2026-10-01 02:30:46,1790793046,5
2026-10-01 02:30:51,1790793051,5
2026-10-01 02:30:57,1790793057,6
2026-10-01 02:31:02,1790793062,5
2026-10-01 02:31:07,1790793067,5
2026-10-01 02:31:12,1790793072,5
2026-10-01 02:31:17,1790793077,5
2026-10-01 02:31:22,1790793082,5
2026-10-01 02:31:28,1790793088,6
2026-10-01 02:31:33,1790793093,5
2026-10-01 02:31:38,1790793098,5
2026-10-01 02:31:43,1790793103,5
2026-10-01 02:31:48,1790793108,5
2026-10-01 02:31:53,1790793113,5
2026-10-01 02:32:00,1790793120,7
2026-10-01 02:32:05,1790793125,5
2026-10-01 02:32:10,1790793130,5
2026-10-01 02:32:15,1790793135,5
2026-10-01 02:32:20,1790793140,5
2026-10-01 02:32:25,1790793145,5
2026-10-01 02:32:31,1790793151,6
2026-10-01 02:32:36,1790793156,5
2026-10-01 02:32:41,1790793161,5
2026-10-01 02:32:46,1790793166,5
2026-10-01 02:32:51,1790793171,5
2026-10-01 02:32:56,1790793176,5
2026-10-01 02:33:02,1790793182,6
2026-10-01 02:33:07,1790793187,5
2026-10-01 02:33:12,1790793192,5
2026-10-01 02:33:17,1790793197,5
2026-10-01 02:33:23,1790793203,6
2026-10-01 02:33:28,1790793208,5
2026-10-01 02:33:34,1790793214,6
2026-10-01 02:33:39,1790793219,5
2026-10-01 02:33:44,1790793224,5
2026-10-01 02:33:49,1790793229,5
2026-10-01 02:33:54,1790793234,5
2026-10-01 02:33:59,1790793239,5
2026-10-01 02:34:05,1790793245,6
2026-10-01 02:34:10,1790793250,5
2026-10-01 02:34:15,1790793255,5
2026-10-01 02:34:20,1790793260,5
2026-10-01 02:34:25,1790793265,5
2026-10-01 02:34:30,1790793270,5
2026-10-01 02:34:37,1790793277,7
2026-10-01 02:34:42,1790793282,5
2026-10-01 02:34:47,1790793287,5
2026-10-01 02:34:52,1790793292,5
2026-10-01 02:34:57,1790793297,5
2026-10-01 02:35:02,1790793302,5
2026-10-01 02:35:08,1790793308,6
2026-10-01 02:35:13,1790793313,5
2026-10-01 02:35:18,1790793318,5
2026-10-01 02:35:23,1790793323,5
2026-10-01 02:35:28,1790793328,5
2026-10-01 02:35:33,1790793333,5
2026-10-01 02:35:39,1790793339,6
2026-10-01 02:35:44,1790793344,5
2026-10-01 02:35:49,1790793349,5
2026-10-01 02:35:54,1790793354,5
2026-10-01 02:35:59,1790793359,5
2026-10-01 02:36:04,1790793364,5
2026-10-01 02:36:11,1790793371,7
2026-10-01 02:36:16,1790793376,5
2026-10-01 02:36:21,1790793381,5
2026-10-01 02:36:26,1790793386,5
2026-10-01 02:36:31,1790793391,5
2026-10-01 02:36:36,1790793396,5
2026-10-01 02:36:42,1790793402,6
2026-10-01 02:36:47,1790793407,5
2026-10-01 02:36:52,1790793412,5
2026-10-01 02:36:57,1790793417,5
2026-10-01 02:37:02,1790793422,5
2026-10-01 02:37:07,1790793427,5
2026-10-01 02:37:14,1790793434,7
2026-10-01 02:37:19,1790793439,5
2026-10-01 02:37:24,1790793444,5
2026-10-01 02:37:29,1790793449,5
2026-10-01 02:37:34,1790793454,5
2026-10-01 02:37:39,1790793459,5
2026-10-01 02:37:45,1790793465,6
2026-10-01 02:37:50,1790793470,5
2026-10-01 02:37:55,1790793475,5
2026-10-01 02:38:00,1790793480,5
2026-10-01 02:38:05,1790793485,5
2026-10-01 02:38:10,1790793490,5
2026-10-01 02:38:16,1790793496,6
2026-10-01 02:38:21,1790793501,5
2026-10-01 02:38:26,1790793506,5
2026-10-01 02:38:31,1790793511,5
2026-10-01 02:38:36,1790793516,5
2026-10-01 02:38:41,1790793521,5
2026-10-01 02:38:48,1790793528,7
2026-10-01 02:38:53,1790793533,5
2026-10-01 02:38:58,1790793538,5
2026-10-01 02:39:03,1790793543,5
2026-10-01 02:39:08,1790793548,5
2026-10-01 02:39:13,1790793553,5
2026-10-01 02:39:19,1790793559,6
2026-10-01 02:39:24,1790793564,5
2026-10-01 02:39:29,1790793569,5
2026-10-01 02:39:34,1790793574,5
2026-10-01 02:39:39,1790793579,5
2026-10-01 02:39:44,1790793584,5
2026-10-01 02:39:51,1790793591,7
2026-10-01 02:39:56,1790793596,5
2026-10-01 02:40:01,1790793601,5
2026-10-01 02:40:06,1790793606,5
2026-10-01 02:40:11,1790793611,5
2026-10-01 02:40:16,1790793616,5
2026-10-01 02:40:22,1790793622,6
2026-10-01 02:40:27,1790793627,5
2026-10-01 02:40:32,1790793632,5
2026-10-01 02:40:37,1790793637,5
2026-10-01 02:40:42,1790793642,5
2026-10-01 02:40:47,1790793647,5
2026-10-01 02:40:53,1790793653,6
2026-10-01 02:40:58,1790793658,5
2026-10-01 02:41:03,1790793663,5
2026-10-01 02:41:08,1790793668,5
2026-10-01 02:41:13,1790793673,5
2026-10-01 02:41:18,1790793678,5
2026-10-01 02:41:25,1790793685,7
2026-10-01 02:41:30,1790793690,5
2026-10-01 02:41:35,1790793695,5
2026-10-01 02:41:40,1790793700,5
2026-10-01 02:41:45,1790793705,5
2026-10-01 02:41:50,1790793710,5
2026-10-01 02:41:56,1790793716,6
2026-10-01 02:42:01,1790793721,5
2026-10-01 02:42:06,1790793726,5
2026-10-01 02:42:11,1790793731,5
2026-10-01 02:42:16,1790793736,5
2026-10-01 02:42:21,1790793741,5
2026-10-01 02:42:28,1790793748,7
2026-10-01 02:42:33,1790793753,5
2026-10-01 02:42:38,1790793758,5
2026-10-01 02:42:43,1790793763,5
2026-10-01 02:42:48,1790793768,5
2026-10-01 02:42:53,1790793773,5
2026-10-01 02:42:59,1790793779,6
2026-10-01 02:43:04,1790793784,5
2026-10-01 02:43:09,1790793789,5
2026-10-01 02:43:14,1790793794,5
2026-10-01 02:43:19,1790793799,5
2026-10-01 02:43:24,1790793804,5
2026-10-01 02:43:30,1790793810,6
2026-10-01 02:43:35,1790793815,5
2026-10-01 02:43:40,1790793820,5
2026-10-01 02:43:45,1790793825,5
2026-10-01 02:43:51,1790793831,6
2026-10-01 02:43:56,1790793836,5
2026-10-01 02:44:02,1790793842,6
2026-10-01 02:44:07,1790793847,5
2026-10-01 02:44:12,1790793852,5
2026-10-01 02:44:17,1790793857,5
2026-10-01 02:44:22,1790793862,5
2026-10-01 02:44:27,1790793867,5
2026-10-01 02:44:33,1790793873,6
2026-10-01 02:44:38,1790793878,5
2026-10-01 02:44:43,1790793883,5
2026-10-01 02:44:48,1790793888,5
2026-10-01 02:44:53,1790793893,5
2026-10-01 02:44:58,1790793898,5
2026-10-01 02:45:05,1790793905,7
2026-10-01 02:45:10,1790793910,5
2026-10-01 02:45:15,1790793915,5
2026-10-01 02:45:20,1790793920,5
2026-10-01 02:45:25,1790793925,5
2026-10-01 02:45:30,1790793930,5
2026-10-01 02:45:36,1790793936,6
2026-10-01 02:45:41,1790793941,5
2026-10-01 02:45:46,1790793946,5
2026-10-01 02:45:51,1790793951,5
2026-10-01 02:45:56,1790793956,5
2026-10-01 02:46:01,1790793961,5
2026-10-01 02:46:08,1790793968,7
2026-10-01 02:46:13,1790793973,5
2026-10-01 02:46:18,1790793978,5
2026-10-01 02:46:23,1790793983,5
2026-10-01 02:46:28,1790793988,5
2026-10-01 02:46:33,1790793993,5
2026-10-01 02:46:39,1790793999,6
2026-10-01 02:46:44,1790794004,5
2026-10-01 02:46:49,1790794009,5
2026-10-01 02:46:54,1790794014,5
2026-10-01 02:46:59,1790794019,5
2026-10-01 02:47:04,1790794024,5
2026-10-01 02:47:10,1790794030,6
2026-10-01 02:47:15,1790794035,5
2026-10-01 02:47:21,1790794041,6
2026-10-01 02:47:26,1790794046,5
2026-10-01 02:47:31,1790794051,5
2026-10-01 02:47:36,1790794056,5
2026-10-01 02:47:42,1790794062,6
2026-10-01 02:47:47,1790794067,5
2026-10-01 02:47:52,1790794072,5
2026-10-01 02:47:57,1790794077,5
2026-10-01 02:48:02,1790794082,5
2026-10-01 02:48:07,1790794087,5
2026-10-01 02:48:13,1790794093,6
2026-10-01 02:48:18,1790794098,5
2026-10-01 02:48:23,1790794103,5
2026-10-01 02:48:28,1790794108,5
2026-10-01 02:48:33,1790794113,5
2026-10-01 02:48:38,1790794118,5
2026-10-01 02:48:45,1790794125,7
2026-10-01 02:48:50,1790794130,5
2026-10-01 02:48:55,1790794135,5
2026-10-01 02:49:00,1790794140,5
2026-10-01 02:49:05,1790794145,5
2026-10-01 02:49:10,1790794150,5
2026-10-01 02:49:16,1790794156,6
2026-10-01 02:49:21,1790794161,5
2026-10-01 02:49:26,1790794166,5
2026-10-01 02:49:31,1790794171,5
2026-10-01 02:49:36,1790794176,5
2026-10-01 02:49:41,1790794181,5
2026-10-01 02:49:48,1790794188,7
2026-10-01 02:49:53,1790794193,5
2026-10-01 02:49:58,1790794198,5
2026-10-01 02:50:03,1790794203,5
2026-10-01 02:50:08,1790794208,5
2026-10-01 02:50:13,1790794213,5
2026-10-01 02:50:19,1790794219,6
2026-10-01 02:50:24,1790794224,5
2026-10-01 02:50:29,1790794229,5
2026-10-01 02:50:34,1790794234,5
2026-10-01 02:50:39,1790794239,5
2026-10-01 02:50:44,1790794244,5
2026-10-01 02:50:50,1790794250,6
2026-10-01 02:50:55,1790794255,5
2026-10-01 02:51:00,1790794260,5
2026-10-01 02:51:05,1790794265,5
2026-10-01 02:51:11,1790794271,6
2026-10-01 02:51:16,1790794276,5
2026-10-01 02:51:22,1790794282,6
2026-10-01 02:51:27,1790794287,5
2026-10-01 02:51:32,1790794292,5
2026-10-01 02:51:37,1790794297,5
2026-10-01 02:51:42,1790794302,5
2026-10-01 02:51:47,1790794307,5
2026-10-01 02:51:53,1790794313,6
2026-10-01 02:51:58,1790794318,5
2026-10-01 02:52:03,1790794323,5
2026-10-01 02:52:08,1790794328,5
2026-10-01 02:52:13,1790794333,5
2026-10-01 02:52:18,1790794338,5
2026-10-01 02:52:25,1790794345,7
2026-10-01 02:52:30,1790794350,5
2026-10-01 02:52:35,1790794355,5
2026-10-01 02:52:40,1790794360,5
2026-10-01 02:52:45,1790794365,5
2026-10-01 02:52:50,1790794370,5
2026-10-01 02:52:56,1790794376,6
2026-10-01 02:53:01,1790794381,5
2026-10-01 02:53:06,1790794386,5
2026-10-01 02:53:11,1790794391,5
2026-10-01 02:53:16,1790794396,5
2026-10-01 02:53:21,1790794401,5
2026-10-01 02:53:28,1790794408,7
2026-10-01 02:53:33,1790794413,5
2026-10-01 02:53:38,1790794418,5
2026-10-01 02:53:43,1790794423,5
2026-10-01 02:53:48,1790794428,5
2026-10-01 02:53:53,1790794433,5
2026-10-01 02:53:59,1790794439,6
2026-10-01 02:54:04,1790794444,5
2026-10-01 02:54:09,1790794449,5
2026-10-01 02:54:14,1790794454,5
2026-10-01 02:54:19,1790794459,5
2026-10-01 02:54:24,1790794464,5
2026-10-01 02:54:31,1790794471,7
2026-10-01 02:54:36,1790794476,5
2026-10-01 02:54:41,1790794481,5
2026-10-01 02:54:46,1790794486,5
2026-10-01 02:54:51,1790794491,5
2026-10-01 02:54:56,1790794496,5
2026-10-01 02:55:02,1790794502,6
2026-10-01 02:55:07,1790794507,5
2026-10-01 02:55:12,1790794512,5
2026-10-01 02:55:17,1790794517,5
2026-10-01 02:55:22,1790794522,5
2026-10-01 02:55:27,1790794527,5
2026-10-01 02:55:34,1790794534,7
2026-10-01 02:55:39,1790794539,5
2026-10-01 02:55:44,1790794544,5
2026-10-01 02:55:49,1790794549,5
2026-10-01 02:55:54,1790794554,5
2026-10-01 02:55:59,1790794559,5
2026-10-01 02:56:05,1790794565,6
2026-10-01 02:56:10,1790794570,5
2026-10-01 02:56:15,1790794575,5
2026-10-01 02:56:20,1790794580,5
2026-10-01 02:56:25,1790794585,5
2026-10-01 02:56:30,1790794590,5
2026-10-01 02:56:37,1790794597,7
2026-10-01 02:56:42,1790794602,5
2026-10-01 02:56:47,1790794607,5
2026-10-01 02:56:52,1790794612,5
2026-10-01 02:56:57,1790794617,5
2026-10-01 02:57:02,1790794622,5
2026-10-01 02:57:08,1790794628,6
2026-10-01 02:57:13,1790794633,5
2026-10-01 02:57:18,1790794638,5
2026-10-01 02:57:23,1790794643,5
2026-10-01 02:57:28,1790794648,5
2026-10-01 02:57:33,1790794653,5
2026-10-01 02:57:40,1790794660,7
2026-10-01 02:57:45,1790794665,5
2026-10-01 02:57:50,1790794670,5
2026-10-01 02:57:55,1790794675,5
2026-10-01 02:58:00,1790794680,5
2026-10-01 02:58:05,1790794685,5
2026-10-01 02:58:11,1790794691,6
2026-10-01 02:58:16,1790794696,5
2026-10-01 02:58:21,1790794701,5
2026-10-01 02:58:26,1790794706,5
2026-10-01 02:58:31,1790794711,5
2026-10-01 02:58:36,1790794716,5
2026-10-01 02:58:43,1790794723,7
2026-10-01 02:58:48,1790794728,5
2026-10-01 02:58:53,1790794733,5
2026-10-01 02:58:58,1790794738,5
2026-10-01 02:59:03,1790794743,5
2026-10-01 02:59:08,1790794748,5
2026-10-01 02:59:14,1790794754,6
2026-10-01 02:59:19,1790794759,5
2026-10-01 02:59:24,1790794764,5
2026-10-01 02:59:29,1790794769,5
2026-10-01 02:59:34,1790794774,5
2026-10-01 02:59:39,1790794779,5
2026-10-01 02:59:45,1790794785,6
2026-10-01 02:59:50,1790794790,5
2026-10-01 02:59:55,1790794795,5
2026-10-01 03:00:00,1790794800,5
2026-10-01 03:00:06,1790794806,6
2026-10-01 03:00:11,1790794811,5
2026-10-01 03:00:17,1790794817,6
2026-10-01 03:00:22,1790794822,5
2026-10-01 03:00:27,1790794827,5
2026-10-01 03:00:32,1790794832,5
2026-10-01 03:00:37,1790794837,5
2026-10-01 03:00:43,1790794843,6
2026-10-01 03:00:48,1790794848,5
2026-10-01 03:00:53,1790794853,5
2026-10-01 03:00:58,1790794858,5
2026-10-01 03:01:03,1790794863,5
2026-10-01 03:01:08,1790794868,5
2026-10-01 03:01:15,1790794875,7
2026-10-01 03:01:20,1790794880,5
2026-10-01 03:01:25,1790794885,5
2026-10-01 03:01:30,1790794890,5
2026-10-01 03:01:35,1790794895,5
2026-10-01 03:01:40,1790794900,5
2026-10-01 03:01:46,1790794906,6
2026-10-01 03:01:51,1790794911,5
2026-10-01 03:01:56,1790794916,5
2026-10-01 03:02:01,1790794921,5
2026-10-01 03:02:06,1790794926,5
2026-10-01 03:02:11,1790794931,5
2026-10-01 03:02:18,1790794938,7
2026-10-01 03:02:23,1790794943,5
2026-10-01 03:02:28,1790794948,5
2026-10-01 03:02:33,1790794953,5
2026-10-01 03:02:38,1790794958,5
2026-10-01 03:02:43,1790794963,5
2026-10-01 03:02:49,1790794969,6
2026-10-01 03:02:54,1790794974,5
2026-10-01 03:02:59,1790794979,5
2026-10-01 03:03:04,1790794984,5
2026-10-01 03:03:09,1790794989,5
2026-10-01 03:03:14,1790794994,5
2026-10-01 03:03:21,1790795001,7
2026-10-01 03:03:26,1790795006,5
2026-10-01 03:03:31,1790795011,5
2026-10-01 03:03:36,1790795016,5
2026-10-01 03:03:41,1790795021,5
2026-10-01 03:03:46,1790795026,5
2026-10-01 03:03:52,1790795032,6
2026-10-01 03:03:57,1790795037,5
2026-10-01 03:04:02,1790795042,5
2026-10-01 03:04:07,1790795047,5
2026-10-01 03:04:12,1790795052,5
2026-10-01 03:04:17,1790795057,5
2026-10-01 03:04:24,1790795064,7
2026-10-01 03:04:29,1790795069,5
2026-10-01 03:04:34,1790795074,5
2026-10-01 03:04:39,1790795079,5
2026-10-01 03:04:44,1790795084,5
2026-10-01 03:04:49,1790795089,5
2026-10-01 03:04:55,1790795095,6
2026-10-01 03:05:00,1790795100,5
2026-10-01 03:05:05,1790795105,5
2026-10-01 03:05:10,1790795110,5
2026-10-01 03:05:15,1790795115,5
2026-10-01 03:05:20,1790795120,5
2026-10-01 03:05:27,1790795127,7
2026-10-01 03:05:32,1790795132,5
2026-10-01 03:05:37,1790795137,5
2026-10-01 03:05:42,1790795142,5
2026-10-01 03:05:47,1790795147,5
2026-10-01 03:05:52,1790795152,5
2026-10-01 03:05:58,1790795158,6
2026-10-01 03:06:03,1790795163,5
2026-10-01 03:06:08,1790795168,5
2026-10-01 03:06:13,1790795173,5
2026-10-01 03:06:18,1790795178,5
2026-10-01 03:06:23,1790795183,5
2026-10-01 03:06:29,1790795189,6
2026-10-01 03:06:34,1790795194,5
2026-10-01 03:06:39,1790795199,5
2026-10-01 03:06:45,1790795205,6
2026-10-01 03:06:50,1790795210,5
2026-10-01 03:06:56,1790795216,6
2026-10-01 03:07:01,1790795221,5
2026-10-01 03:07:06,1790795226,5
2026-10-01 03:07:11,1790795231,5
2026-10-01 03:07:16,1790795236,5
2026-10-01 03:07:21,1790795241,5
2026-10-01 03:07:26,1790795246,5
2026-10-01 03:07:33,1790795253,7
2026-10-01 03:07:38,1790795258,5
2026-10-01 03:07:43,1790795263,5
2026-10-01 03:07:48,1790795268,5
2026-10-01 03:07:53,1790795273,5
2026-10-01 03:07:58,1790795278,5
2026-10-01 03:08:04,1790795284,6
2026-10-01 03:08:09,1790795289,5
2026-10-01 03:08:14,1790795294,5
2026-10-01 03:08:19,1790795299,5
2026-10-01 03:08:24,1790795304,5
2026-10-01 03:08:29,1790795309,5
2026-10-01 03:08:36,1790795316,7
2026-10-01 03:08:41,1790795321,5
2026-10-01 03:08:46,1790795326,5
2026-10-01 03:08:51,1790795331,5
2026-10-01 03:08:56,1790795336,5
2026-10-01 03:09:01,1790795341,5
2026-10-01 03:09:07,1790795347,6
2026-10-01 03:09:12,1790795352,5
2026-10-01 03:09:17,1790795357,5
2026-10-01 03:09:22,1790795362,5
2026-10-01 03:09:27,1790795367,5
2026-10-01 03:09:32,1790795372,5
2026-10-01 03:09:39,1790795379,7
2026-10-01 03:09:44,1790795384,5
2026-10-01 03:09:49,1790795389,5
2026-10-01 03:09:54,1790795394,5
2026-10-01 03:09:59,1790795399,5
2026-10-01 03:10:04,1790795404,5
2026-10-01 03:10:10,1790795410,6
2026-10-01 03:10:15,1790795415,5
2026-10-01 03:10:20,1790795420,5
2026-10-01 03:10:25,1790795425,5
2026-10-01 03:10:30,1790795430,5
2026-10-01 03:10:35,1790795435,5
2026-10-01 03:10:42,1790795442,7
2026-10-01 03:10:47,1790795447,5
2026-10-01 03:10:52,1790795452,5
2026-10-01 03:10:57,1790795457,5
2026-10-01 03:11:02,1790795462,5
2026-10-01 03:11:07,1790795467,5
2026-10-01 03:11:13,1790795473,6
2026-10-01 03:11:18,1790795478,5
2026-10-01 03:11:23,1790795483,5
2026-10-01 03:11:28,1790795488,5
2026-10-01 03:11:33,1790795493,5
2026-10-01 03:11:38,1790795498,5
2026-10-01 03:11:45,1790795505,7
2026-10-01 03:11:50,1790795510,5
2026-10-01 03:11:55,1790795515,5
2026-10-01 03:12:00,1790795520,5
2026-10-01 03:12:05,1790795525,5
2026-10-01 03:12:10,1790795530,5
2026-10-01 03:12:16,1790795536,6
2026-10-01 03:12:21,1790795541,5
2026-10-01 03:12:26,1790795546,5
2026-10-01 03:12:31,1790795551,5
2026-10-01 03:12:36,1790795556,5
2026-10-01 03:12:41,1790795561,5
2026-10-01 03:12:48,1790795568,7
2026-10-01 03:12:53,1790795573,5
2026-10-01 03:12:58,1790795578,5
2026-10-01 03:13:03,1790795583,5
2026-10-01 03:13:08,1790795588,5
2026-10-01 03:13:13,1790795593,5
2026-10-01 03:13:19,1790795599,6
2026-10-01 03:13:24,1790795604,5
2026-10-01 03:13:29,1790795609,5
2026-10-01 03:13:34,1790795614,5
2026-10-01 03:13:39,1790795619,5
2026-10-01 03:13:44,1790795624,5
2026-10-01 03:13:51,1790795631,7
2026-10-01 03:13:56,1790795636,5
2026-10-01 03:14:01,1790795641,5
2026-10-01 03:14:06,1790795646,5
2026-10-01 03:14:11,1790795651,5
2026-10-01 03:14:16,1790795656,5
2026-10-01 03:14:22,1790795662,6
2026-10-01 03:14:27,1790795667,5
2026-10-01 03:14:32,1790795672,5
2026-10-01 03:14:37,1790795677,5
2026-10-01 03:14:42,1790795682,5
2026-10-01 03:14:47,1790795687,5
2026-10-01 03:14:54,1790795694,7
2026-10-01 03:14:59,1790795699,5
2026-10-01 03:15:04,1790795704,5
2026-10-01 03:15:09,1790795709,5
2026-10-01 03:15:14,1790795714,5
2026-10-01 03:15:19,1790795719,5
2026-10-01 03:15:25,1790795725,6
2026-10-01 03:15:30,1790795730,5
2026-10-01 03:15:35,1790795735,5
2026-10-01 03:15:40,1790795740,5
2026-10-01 03:15:45,1790795745,5
2026-10-01 03:15:50,1790795750,5
2026-10-01 03:15:57,1790795757,7
2026-10-01 03:16:02,1790795762,5
2026-10-01 03:16:07,1790795767,5
2026-10-01 03:16:12,1790795772,5
2026-10-01 03:16:17,1790795777,5
2026-10-01 03:16:22,1790795782,5
2026-10-01 03:16:28,1790795788,6
2026-10-01 03:16:33,1790795793,5
2026-10-01 03:16:38,1790795798,5
2026-10-01 03:16:43,1790795803,5
2026-10-01 03:16:48,1790795808,5
2026-10-01 03:16:53,1790795813,5
2026-10-01 03:17:00,1790795820,7
2026-10-01 03:17:05,1790795825,5
2026-10-01 03:17:10,1790795830,5
2026-10-01 03:17:15,1790795835,5
2026-10-01 03:17:20,1790795840,5
2026-10-01 03:17:25,1790795845,5
2026-10-01 03:17:31,1790795851,6
2026-10-01 03:17:36,1790795856,5
2026-10-01 03:17:41,1790795861,5
2026-10-01 03:17:46,1790795866,5
2026-10-01 03:17:51,1790795871,5
2026-10-01 03:17:56,1790795876,5
2026-10-01 03:18:03,1790795883,7
2026-10-01 03:18:08,1790795888,5
2026-10-01 03:18:13,1790795893,5
2026-10-01 03:18:18,1790795898,5
2026-10-01 03:18:23,1790795903,5
2026-10-01 03:18:28,1790795908,5
2026-10-01 03:18:34,1790795914,6
2026-10-01 03:18:39,1790795919,5
2026-10-01 03:18:44,1790795924,5
2026-10-01 03:18:49,1790795929,5
2026-10-01 03:18:54,1790795934,5
2026-10-01 03:18:59,1790795939,5
2026-10-01 03:19:06,1790795946,7
2026-10-01 03:19:11,1790795951,5
2026-10-01 03:19:16,1790795956,5
2026-10-01 03:19:21,1790795961,5
2026-10-01 03:19:26,1790795966,5
2026-10-01 03:19:31,1790795971,5
2026-10-01 03:19:37,1790795977,6
2026-10-01 03:19:42,1790795982,5
2026-10-01 03:19:47,1790795987,5
2026-10-01 03:19:52,1790795992,5
2026-10-01 03:19:57,1790795997,5
2026-10-01 03:20:02,1790796002,5
2026-10-01 03:20:09,1790796009,7
2026-10-01 03:20:14,1790796014,5
2026-10-01 03:20:19,1790796019,5
2026-10-01 03:20:24,1790796024,5
2026-10-01 03:20:29,1790796029,5
2026-10-01 03:20:34,1790796034,5
2026-10-01 03:20:40,1790796040,6
2026-10-01 03:20:45,1790796045,5
2026-10-01 03:20:50,1790796050,5
2026-10-01 03:20:55,1790796055,5
2026-10-01 03:21:00,1790796060,5
2026-10-01 03:21:05,1790796065,5
2026-10-01 03:21:12,1790796072,7
2026-10-01 03:21:17,1790796077,5
2026-10-01 03:21:22,1790796082,5
2026-10-01 03:21:27,1790796087,5
2026-10-01 03:21:32,1790796092,5
2026-10-01 03:21:37,1790796097,5
2026-10-01 03:21:43,1790796103,6
2026-10-01 03:21:48,1790796108,5
2026-10-01 03:21:53,1790796113,5
2026-10-01 03:21:58,1790796118,5
2026-10-01 03:22:03,1790796123,5
2026-10-01 03:22:08,1790796128,5
2026-10-01 03:22:14,1790796134,6
2026-10-01 03:22:19,1790796139,5
2026-10-01 03:22:24,1790796144,5
2026-10-01 03:22:30,1790796150,6
2026-10-01 03:22:35,1790796155,5
2026-10-01 03:22:40,1790796160,5
2026-10-01 03:22:46,1790796166,6
2026-10-01 03:22:51,1790796171,5
2026-10-01 03:22:56,1790796176,5
2026-10-01 03:23:01,1790796181,5
2026-10-01 03:23:06,1790796186,5
2026-10-01 03:23:11,1790796191,5
2026-10-01 03:23:17,1790796197,6
2026-10-01 03:23:22,1790796202,5
2026-10-01 03:23:27,1790796207,5
2026-10-01 03:23:36,1790796216,9
2026-10-01 03:23:41,1790796221,5
2026-10-01 03:23:48,1790796228,7
2026-10-01 03:23:53,1790796233,5
2026-10-01 03:23:58,1790796238,5
2026-10-01 03:24:03,1790796243,5
2026-10-01 03:24:08,1790796248,5
2026-10-01 03:24:13,1790796253,5
2026-10-01 03:24:19,1790796259,6
2026-10-01 03:24:24,1790796264,5
2026-10-01 03:24:29,1790796269,5
2026-10-01 03:24:34,1790796274,5
2026-10-01 03:24:39,1790796279,5
2026-10-01 03:24:44,1790796284,5
2026-10-01 03:24:51,1790796291,7
2026-10-01 03:24:56,1790796296,5
2026-10-01 03:25:01,1790796301,5
2026-10-01 03:25:06,1790796306,5
2026-10-01 03:25:11,1790796311,5
2026-10-01 03:25:16,1790796316,5
2026-10-01 03:25:22,1790796322,6
2026-10-01 03:25:27,1790796327,5
2026-10-01 03:25:32,1790796332,5
2026-10-01 03:25:37,1790796337,5
2026-10-01 03:25:42,1790796342,5
2026-10-01 03:25:47,1790796347,5
2026-10-01 03:25:54,1790796354,7
2026-10-01 03:25:59,1790796359,5
2026-10-01 03:26:04,1790796364,5
2026-10-01 03:26:09,1790796369,5
2026-10-01 03:26:14,1790796374,5
2026-10-01 03:26:19,1790796379,5
2026-10-01 03:26:25,1790796385,6
2026-10-01 03:26:30,1790796390,5
2026-10-01 03:26:35,1790796395,5
2026-10-01 03:26:40,1790796400,5
2026-10-01 03:26:45,1790796405,5
2026-10-01 03:26:50,1790796410,5
2026-10-01 03:26:57,1790796417,7
2026-10-01 03:27:02,1790796422,5
2026-10-01 03:27:07,1790796427,5
2026-10-01 03:27:12,1790796432,5
2026-10-01 03:27:17,1790796437,5
2026-10-01 03:27:22,1790796442,5
2026-10-01 03:27:27,1790796447,5
2026-10-01 03:27:32,1790796452,5
2026-10-01 03:27:37,1790796457,5
2026-10-01 03:27:44,1790796464,7
2026-10-01 03:27:49,1790796469,5
2026-10-01 03:27:54,1790796474,5
2026-10-01 03:28:00,1790796480,6
2026-10-01 03:28:05,1790796485,5
2026-10-01 03:28:10,1790796490,5
2026-10-01 03:28:15,1790796495,5
2026-10-01 03:28:20,1790796500,5
2026-10-01 03:28:25,1790796505,5
2026-10-01 03:28:31,1790796511,6
2026-10-01 03:28:36,1790796516,5
2026-10-01 03:28:41,1790796521,5
2026-10-01 03:28:46,1790796526,5
2026-10-01 03:28:51,1790796531,5
2026-10-01 03:28:56,1790796536,5
2026-10-01 03:29:03,1790796543,7
2026-10-01 03:29:08,1790796548,5
2026-10-01 03:29:13,1790796553,5
2026-10-01 03:29:18,1790796558,5
2026-10-01 03:29:23,1790796563,5
2026-10-01 03:29:28,1790796568,5
2026-10-01 03:29:34,1790796574,6
2026-10-01 03:29:39,1790796579,5
2026-10-01 03:29:44,1790796584,5
2026-10-01 03:29:49,1790796589,5
2026-10-01 03:29:54,1790796594,5
2026-10-01 03:29:59,1790796599,5
2026-10-01 03:30:06,1790796606,7
2026-10-01 03:30:11,1790796611,5
2026-10-01 03:30:16,1790796616,5
2026-10-01 03:30:21,1790796621,5
2026-10-01 03:30:26,1790796626,5
2026-10-01 03:30:31,1790796631,5
2026-10-01 03:30:37,1790796637,6
2026-10-01 03:30:42,1790796642,5
2026-10-01 03:30:47,1790796647,5
2026-10-01 03:30:52,1790796652,5
2026-10-01 03:30:57,1790796657,5
2026-10-01 03:31:02,1790796662,5
2026-10-01 03:31:09,1790796669,7
2026-10-01 03:31:14,1790796674,5
2026-10-01 03:31:19,1790796679,5
2026-10-01 03:31:24,1790796684,5
2026-10-01 03:31:29,1790796689,5
2026-10-01 03:31:34,1790796694,5
2026-10-01 03:31:40,1790796700,6
2026-10-01 03:31:45,1790796705,5
2026-10-01 03:31:50,1790796710,5
2026-10-01 03:31:55,1790796715,5
2026-10-01 03:32:00,1790796720,5
2026-10-01 03:32:05,1790796725,5
2026-10-01 03:32:12,1790796732,7
2026-10-01 03:32:17,1790796737,5
2026-10-01 03:32:22,1790796742,5
2026-10-01 03:32:27,1790796747,5
2026-10-01 03:32:32,1790796752,5
2026-10-01 03:32:37,1790796757,5
2026-10-01 03:32:43,1790796763,6
2026-10-01 03:32:48,1790796768,5
2026-10-01 03:32:53,1790796773,5
2026-10-01 03:32:58,1790796778,5
2026-10-01 03:33:03,1790796783,5
2026-10-01 03:33:08,1790796788,5
2026-10-01 03:33:15,1790796795,7
2026-10-01 03:33:20,1790796800,5
2026-10-01 03:33:26,1790796806,6
2026-10-01 03:33:31,1790796811,5
2026-10-01 03:33:36,1790796816,5
2026-10-01 03:33:41,1790796821,5
2026-10-01 03:33:47,1790796827,6
2026-10-01 03:33:52,1790796832,5
2026-10-01 03:33:57,1790796837,5
2026-10-01 03:34:02,1790796842,5
2026-10-01 03:34:07,1790796847,5
2026-10-01 03:34:12,1790796852,5
2026-10-01 03:34:18,1790796858,6
2026-10-01 03:34:23,1790796863,5
2026-10-01 03:34:28,1790796868,5
2026-10-01 03:34:33,1790796873,5
2026-10-01 03:34:38,1790796878,5
2026-10-01 03:34:43,1790796883,5
2026-10-01 03:34:50,1790796890,7
2026-10-01 03:34:55,1790796895,5
2026-10-01 03:35:00,1790796900,5
2026-10-01 03:35:05,1790796905,5
2026-10-01 03:35:10,1790796910,5
2026-10-01 03:35:15,1790796915,5
2026-10-01 03:35:21,1790796921,6
2026-10-01 03:35:26,1790796926,5
2026-10-01 03:35:31,1790796931,5
2026-10-01 03:35:36,1790796936,5
2026-10-01 03:35:41,1790796941,5
2026-10-01 03:35:46,1790796946,5
2026-10-01 03:35:53,1790796953,7
2026-10-01 03:35:58,1790796958,5
2026-10-01 03:36:03,1790796963,5
2026-10-01 03:36:08,1790796968,5
2026-10-01 03:36:13,1790796973,5
2026-10-01 03:36:18,1790796978,5
2026-10-01 03:36:24,1790796984,6
2026-10-01 03:36:29,1790796989,5
2026-10-01 03:36:34,1790796994,5
2026-10-01 03:36:39,1790796999,5
2026-10-01 03:36:44,1790797004,5
2026-10-01 03:36:49,1790797009,5
2026-10-01 03:36:56,1790797016,7
2026-10-01 03:37:01,1790797021,5
2026-10-01 03:37:06,1790797026,5
2026-10-01 03:37:11,1790797031,5
2026-10-01 03:37:16,1790797036,5
2026-10-01 03:37:21,1790797041,5
2026-10-01 03:37:27,1790797047,6
2026-10-01 03:37:32,1790797052,5
2026-10-01 03:37:37,1790797057,5
2026-10-01 03:37:42,1790797062,5
2026-10-01 03:37:47,1790797067,5
2026-10-01 03:37:52,1790797072,5
2026-10-01 03:37:59,1790797079,7
2026-10-01 03:38:04,1790797084,5
2026-10-01 03:38:09,1790797089,5
2026-10-01 03:38:14,1790797094,5
2026-10-01 03:38:19,1790797099,5
2026-10-01 03:38:24,1790797104,5
2026-10-01 03:38:30,1790797110,6
2026-10-01 03:38:35,1790797115,5
2026-10-01 03:38:40,1790797120,5
2026-10-01 03:38:45,1790797125,5
2026-10-01 03:38:50,1790797130,5
2026-10-01 03:38:55,1790797135,5
2026-10-01 03:39:02,1790797142,7
2026-10-01 03:39:07,1790797147,5
2026-10-01 03:39:12,1790797152,5
2026-10-01 03:39:17,1790797157,5
2026-10-01 03:39:22,1790797162,5
2026-10-01 03:39:27,1790797167,5
2026-10-01 03:39:33,1790797173,6
2026-10-01 03:39:38,1790797178,5
2026-10-01 03:39:43,1790797183,5
2026-10-01 03:39:48,1790797188,5
2026-10-01 03:39:53,1790797193,5
2026-10-01 03:39:58,1790797198,5
2026-10-01 03:40:05,1790797205,7
2026-10-01 03:40:10,1790797210,5
2026-10-01 03:40:15,1790797215,5
2026-10-01 03:40:20,1790797220,5
2026-10-01 03:40:25,1790797225,5
2026-10-01 03:40:30,1790797230,5
2026-10-01 03:40:36,1790797236,6
2026-10-01 03:40:41,1790797241,5
2026-10-01 03:40:46,1790797246,5
2026-10-01 03:40:51,1790797251,5
2026-10-01 03:40:56,1790797256,5
2026-10-01 03:41:01,1790797261,5
2026-10-01 03:41:08,1790797268,7
2026-10-01 03:41:13,1790797273,5
2026-10-01 03:41:18,1790797278,5
2026-10-01 03:41:23,1790797283,5
2026-10-01 03:41:28,1790797288,5
2026-10-01 03:41:33,1790797293,5
2026-10-01 03:41:39,1790797299,6
2026-10-01 03:41:44,1790797304,5
2026-10-01 03:41:49,1790797309,5
2026-10-01 03:41:54,1790797314,5
2026-10-01 03:41:59,1790797319,5
2026-10-01 03:42:04,1790797324,5
2026-10-01 03:42:11,1790797331,7
2026-10-01 03:42:16,1790797336,5
2026-10-01 03:42:21,1790797341,5
2026-10-01 03:42:26,1790797346,5
2026-10-01 03:42:31,1790797351,5
2026-10-01 03:42:36,1790797356,5
2026-10-01 03:42:42,1790797362,6
2026-10-01 03:42:47,1790797367,5
2026-10-01 03:42:52,1790797372,5
2026-10-01 03:42:57,1790797377,5
2026-10-01 03:43:02,1790797382,5
2026-10-01 03:43:08,1790797388,6
2026-10-01 03:43:14,1790797394,6
2026-10-01 03:43:19,1790797399,5
2026-10-01 03:43:24,1790797404,5
2026-10-01 03:43:29,1790797409,5
2026-10-01 03:43:34,1790797414,5
2026-10-01 03:43:39,1790797419,5
2026-10-01 03:43:46,1790797426,7
2026-10-01 03:43:51,1790797431,5
2026-10-01 03:43:56,1790797436,5
2026-10-01 03:44:01,1790797441,5
2026-10-01 03:44:06,1790797446,5
2026-10-01 03:44:11,1790797451,5
2026-10-01 03:44:17,1790797457,6
2026-10-01 03:44:22,1790797462,5
2026-10-01 03:44:27,1790797467,5
2026-10-01 03:44:32,1790797472,5
2026-10-01 03:44:37,1790797477,5
2026-10-01 03:44:42,1790797482,5
2026-10-01 03:44:49,1790797489,7
2026-10-01 03:44:54,1790797494,5
2026-10-01 03:44:59,1790797499,5
2026-10-01 03:45:04,1790797504,5
2026-10-01 03:45:09,1790797509,5
2026-10-01 03:45:14,1790797514,5
2026-10-01 03:45:20,1790797520,6
2026-10-01 03:45:25,1790797525,5
2026-10-01 03:45:30,1790797530,5
2026-10-01 03:45:35,1790797535,5
2026-10-01 03:45:40,1790797540,5
2026-10-01 03:45:45,1790797545,5
2026-10-01 03:45:52,1790797552,7
2026-10-01 03:45:57,1790797557,5
2026-10-01 03:46:02,1790797562,5
2026-10-01 03:46:07,1790797567,5
2026-10-01 03:46:12,1790797572,5
2026-10-01 03:46:17,1790797577,5
2026-10-01 03:46:23,1790797583,6
2026-10-01 03:46:28,1790797588,5
2026-10-01 03:46:33,1790797593,5
2026-10-01 03:46:38,1790797598,5
2026-10-01 03:46:43,1790797603,5
2026-10-01 03:46:49,1790797609,6
2026-10-01 03:46:55,1790797615,6
2026-10-01 03:47:00,1790797620,5
2026-10-01 03:47:05,1790797625,5
2026-10-01 03:47:10,1790797630,5
2026-10-01 03:47:15,1790797635,5
2026-10-01 03:47:20,1790797640,5
2026-10-01 03:47:26,1790797646,6
2026-10-01 03:47:31,1790797651,5
2026-10-01 03:47:36,1790797656,5
2026-10-01 03:47:41,1790797661,5
2026-10-01 03:47:46,1790797666,5
2026-10-01 03:47:52,1790797672,6
2026-10-01 03:47:58,1790797678,6
2026-10-01 03:48:03,1790797683,5
2026-10-01 03:48:08,1790797688,5
2026-10-01 03:48:13,1790797693,5
2026-10-01 03:48:18,1790797698,5
2026-10-01 03:48:23,1790797703,5
2026-10-01 03:48:29,1790797709,6
2026-10-01 03:48:34,1790797714,5
2026-10-01 03:48:39,1790797719,5
2026-10-01 03:48:44,1790797724,5
2026-10-01 03:48:49,1790797729,5
2026-10-01 03:48:56,1790797736,7
2026-10-01 03:49:01,1790797741,5
2026-10-01 03:49:06,1790797746,5
2026-10-01 03:49:11,1790797751,5
2026-10-01 03:49:16,1790797756,5
2026-10-01 03:49:21,1790797761,5
2026-10-01 03:49:27,1790797767,6
2026-10-01 03:49:32,1790797772,5
2026-10-01 03:49:37,1790797777,5
2026-10-01 03:49:42,1790797782,5
2026-10-01 03:49:47,1790797787,5
2026-10-01 03:49:52,1790797792,5
2026-10-01 03:49:59,1790797799,7
2026-10-01 03:50:04,1790797804,5
2026-10-01 03:50:09,1790797809,5
2026-10-01 03:50:14,1790797814,5
2026-10-01 03:50:19,1790797819,5
2026-10-01 03:50:24,1790797824,5
2026-10-01 03:50:30,1790797830,6
2026-10-01 03:50:35,1790797835,5
2026-10-01 03:50:40,1790797840,5
2026-10-01 03:50:45,1790797845,5
2026-10-01 03:50:50,1790797850,5
2026-10-01 03:50:55,1790797855,5
2026-10-01 03:51:02,1790797862,7
2026-10-01 03:51:07,1790797867,5
2026-10-01 03:51:12,1790797872,5
2026-10-01 03:51:17,1790797877,5
2026-10-01 03:51:22,1790797882,5
2026-10-01 03:51:27,1790797887,5
2026-10-01 03:51:33,1790797893,6
2026-10-01 03:51:38,1790797898,5
2026-10-01 03:51:43,1790797903,5
2026-10-01 03:51:48,1790797908,5
2026-10-01 03:51:53,1790797913,5
2026-10-01 03:51:58,1790797918,5
2026-10-01 03:52:05,1790797925,7
2026-10-01 03:52:10,1790797930,5
2026-10-01 03:52:15,1790797935,5
2026-10-01 03:52:20,1790797940,5
2026-10-01 03:52:25,1790797945,5
2026-10-01 03:52:30,1790797950,5
2026-10-01 03:52:36,1790797956,6
2026-10-01 03:52:41,1790797961,5
2026-10-01 03:52:46,1790797966,5
2026-10-01 03:52:51,1790797971,5
2026-10-01 03:52:56,1790797976,5
2026-10-01 03:53:01,1790797981,5
2026-10-01 03:53:08,1790797988,7
2026-10-01 03:53:13,1790797993,5
2026-10-01 03:53:18,1790797998,5
2026-10-01 03:53:23,1790798003,5
2026-10-01 13:26:17,1790832377,34374
2026-10-01 13:26:21,1790832381,4
2026-10-01 13:26:27,1790832387,6
2026-10-01 13:26:32,1790832392,5
2026-10-01 13:26:37,1790832397,5
2026-10-01 13:26:42,1790832402,5
2026-10-01 13:26:47,1790832407,5
2026-10-01 13:26:53,1790832413,6
2026-10-01 13:26:58,1790832418,5
2026-10-01 13:27:03,1790832423,5
2026-10-01 13:27:08,1790832428,5
2026-10-01 13:27:13,1790832433,5
2026-10-01 13:27:18,1790832438,5
2026-10-01 13:27:23,1790832443,5
2026-10-01 13:27:28,1790832448,5
2026-10-01 13:27:33,1790832453,5
2026-10-01 13:27:38,1790832458,5
2026-10-01 13:27:43,1790832463,5
2026-10-01 13:27:48,1790832468,5
2026-10-01 13:27:54,1790832474,6
2026-10-01 13:27:59,1790832479,5
2026-10-01 13:28:04,1790832484,5
2026-10-01 13:28:09,1790832489,5
2026-10-01 13:28:14,1790832494,5
2026-10-01 13:28:19,1790832499,5
2026-10-01 13:28:24,1790832504,5
2026-10-01 13:28:29,1790832509,5
2026-10-01 13:28:34,1790832514,5
2026-10-01 13:28:39,1790832519,5
2026-10-01 13:28:44,1790832524,5
2026-10-01 13:28:49,1790832529,5
2026-10-01 13:28:55,1790832535,6
2026-10-01 13:29:00,1790832540,5
2026-10-01 13:29:05,1790832545,5
2026-10-01 13:29:10,1790832550,5
2026-10-01 13:29:15,1790832555,5
2026-10-01 13:29:20,1790832560,5
2026-10-01 13:29:25,1790832565,5
2026-10-01 13:29:30,1790832570,5
2026-10-01 13:29:35,1790832575,5
2026-10-01 13:29:40,1790832580,5
2026-10-01 13:29:45,1790832585,5
2026-10-01 13:29:50,1790832590,5
2026-10-01 13:29:55,1790832595,5
2026-10-01 13:30:00,1790832600,5
2026-10-01 13:30:05,1790832605,5
2026-10-01 13:30:11,1790832611,6
2026-10-01 13:30:16,1790832616,5
2026-10-01 13:30:21,1790832621,5
2026-10-01 13:30:26,1790832626,5
2026-10-01 13:30:31,1790832631,5
2026-10-01 13:30:36,1790832636,5
2026-10-01 13:30:41,1790832641,5
2026-10-01 13:30:46,1790832646,5
2026-10-01 13:30:51,1790832651,5
2026-10-01 13:30:57,1790832657,6
2026-10-01 13:31:02,1790832662,5
2026-10-01 13:31:07,1790832667,5
2026-10-01 13:31:12,1790832672,5
2026-10-01 13:31:17,1790832677,5
2026-10-01 13:31:22,1790832682,5
2026-10-01 13:31:27,1790832687,5
2026-10-01 13:31:32,1790832692,5
2026-10-01 13:31:37,1790832697,5
2026-10-01 13:31:43,1790832703,6
2026-10-01 13:31:48,1790832708,5
2026-10-01 13:31:53,1790832713,5
2026-10-01 13:31:58,1790832718,5
2026-10-01 13:32:03,1790832723,5
2026-10-01 13:32:08,1790832728,5
2026-10-01 13:32:13,1790832733,5
2026-10-01 13:32:18,1790832738,5
2026-10-01 13:32:23,1790832743,5
2026-10-01 13:32:29,1790832749,6
2026-10-01 13:32:34,1790832754,5
2026-10-01 13:32:39,1790832759,5
2026-10-01 13:32:44,1790832764,5
2026-10-01 13:32:49,1790832769,5
2026-10-01 13:32:54,1790832774,5
2026-10-01 13:32:59,1790832779,5
2026-10-01 13:33:04,1790832784,5
2026-10-01 13:33:09,1790832789,5
2026-10-01 13:33:14,1790832794,5
2026-10-01 13:33:19,1790832799,5
2026-10-01 13:33:24,1790832804,5
2026-10-01 13:33:30,1790832810,6
2026-10-01 13:33:35,1790832815,5
2026-10-01 13:33:40,1790832820,5
2026-10-01 13:33:45,1790832825,5
2026-10-01 13:33:50,1790832830,5
2026-10-01 13:33:55,1790832835,5
2026-10-01 13:34:00,1790832840,5
2026-10-01 13:34:05,1790832845,5
2026-10-01 13:34:11,1790832851,6
2026-10-01 13:34:16,1790832856,5
2026-10-01 13:34:21,1790832861,5
2026-10-01 13:34:26,1790832866,5
2026-10-01 13:34:31,1790832871,5
2026-10-01 13:34:36,1790832876,5
2026-10-01 13:34:41,1790832881,5
2026-10-01 13:34:46,1790832886,5
2026-10-01 13:34:51,1790832891,5
2026-10-01 13:34:56,1790832896,5
2026-10-01 13:35:02,1790832902,6
2026-10-01 13:35:07,1790832907,5
2026-10-01 13:35:12,1790832912,5
2026-10-01 13:35:17,1790832917,5
2026-10-01 13:35:22,1790832922,5
2026-10-01 13:35:27,1790832927,5
2026-10-01 13:35:32,1790832932,5
2026-10-01 13:35:37,1790832937,5
2026-10-01 13:35:42,1790832942,5
2026-10-01 13:35:47,1790832947,5
2026-10-01 13:35:52,1790832952,5
2026-10-01 13:35:57,1790832957,5
2026-10-01 13:36:03,1790832963,6
2026-10-01 13:36:08,1790832968,5
2026-10-01 13:36:13,1790832973,5
2026-10-01 13:36:18,1790832978,5
2026-10-01 13:36:23,1790832983,5
2026-10-01 13:36:28,1790832988,5
2026-10-01 13:36:34,1790832994,6
2026-10-01 13:36:39,1790832999,5
2026-10-01 13:36:44,1790833004,5
2026-10-01 13:36:49,1790833009,5
2026-10-01 13:36:54,1790833014,5
2026-10-01 13:36:59,1790833019,5
2026-10-01 13:37:04,1790833024,5
2026-10-01 13:37:09,1790833029,5
2026-10-01 13:37:14,1790833034,5
2026-10-01 13:37:19,1790833039,5
2026-10-01 13:37:24,1790833044,5
2026-10-01 13:37:29,1790833049,5
2026-10-01 13:37:35,1790833055,6
2026-10-01 13:37:40,1790833060,5
2026-10-01 13:37:45,1790833065,5
2026-10-01 13:37:50,1790833070,5
2026-10-01 13:37:55,1790833075,5
2026-10-01 13:38:00,1790833080,5
2026-10-01 13:38:06,1790833086,6
2026-10-01 13:38:11,1790833091,5
2026-10-01 13:38:16,1790833096,5
2026-10-01 13:38:21,1790833101,5
2026-10-01 13:38:26,1790833106,5
2026-10-01 13:38:31,1790833111,5
2026-10-01 13:38:36,1790833116,5
2026-10-01 13:38:41,1790833121,5
2026-10-01 13:38:46,1790833126,5
2026-10-01 13:38:51,1790833131,5
2026-10-01 13:38:56,1790833136,5
2026-10-01 13:39:01,1790833141,5
2026-10-01 13:39:07,1790833147,6
2026-10-01 13:39:12,1790833152,5
2026-10-01 13:39:17,1790833157,5
2026-10-01 13:39:22,1790833162,5
2026-10-01 13:39:27,1790833167,5
2026-10-01 13:39:32,1790833172,5
2026-10-01 13:39:38,1790833178,6
2026-10-01 13:39:43,1790833183,5
2026-10-01 13:39:48,1790833188,5
2026-10-01 13:39:53,1790833193,5
2026-10-01 13:39:58,1790833198,5
2026-10-01 13:40:03,1790833203,5
2026-10-01 13:40:09,1790833209,6
2026-10-01 13:40:14,1790833214,5
2026-10-01 13:40:19,1790833219,5
2026-10-01 13:40:24,1790833224,5
2026-10-01 13:40:29,1790833229,5
2026-10-01 13:40:34,1790833234,5
2026-10-01 13:40:39,1790833239,5
2026-10-01 13:40:44,1790833244,5
2026-10-01 13:40:49,1790833249,5
2026-10-01 13:40:54,1790833254,5
2026-10-01 13:40:59,1790833259,5
2026-10-01 13:41:04,1790833264,5
2026-10-01 13:41:10,1790833270,6
2026-10-01 13:41:15,1790833275,5
2026-10-01 13:41:20,1790833280,5
2026-10-01 13:41:25,1790833285,5
2026-10-01 13:41:30,1790833290,5
2026-10-01 13:41:35,1790833295,5
2026-10-01 13:41:41,1790833301,6
2026-10-01 13:41:46,1790833306,5
2026-10-01 13:41:51,1790833311,5
2026-10-01 13:41:56,1790833316,5
2026-10-01 13:42:01,1790833321,5
2026-10-01 13:42:06,1790833326,5
2026-10-01 13:42:12,1790833332,6
2026-10-01 13:42:17,1790833337,5
2026-10-01 13:42:22,1790833342,5
2026-10-01 13:42:27,1790833347,5
2026-10-01 13:42:32,1790833352,5
2026-10-01 13:42:37,1790833357,5
2026-10-01 13:42:42,1790833362,5
2026-10-01 13:42:47,1790833367,5
2026-10-01 13:42:52,1790833372,5
2026-10-01 13:42:57,1790833377,5
2026-10-01 13:43:02,1790833382,5
2026-10-01 13:43:07,1790833387,5
2026-10-01 13:43:13,1790833393,6
2026-10-01 13:43:18,1790833398,5
2026-10-01 13:43:23,1790833403,5
2026-10-01 13:43:28,1790833408,5
2026-10-01 13:43:33,1790833413,5
2026-10-01 13:43:38,1790833418,5
2026-10-01 13:43:44,1790833424,6
2026-10-01 13:43:49,1790833429,5
2026-10-01 13:43:54,1790833434,5
2026-10-01 13:43:59,1790833439,5
2026-10-01 13:44:04,1790833444,5
2026-10-01 13:44:09,1790833449,5
2026-10-01 13:44:15,1790833455,6
2026-10-01 13:44:20,1790833460,5
2026-10-01 13:44:25,1790833465,5
2026-10-01 13:44:30,1790833470,5
2026-10-01 13:44:35,1790833475,5
2026-10-01 13:44:40,1790833480,5
2026-10-01 13:44:45,1790833485,5
2026-10-01 13:44:50,1790833490,5
2026-10-01 13:44:55,1790833495,5
2026-10-01 13:45:00,1790833500,5
2026-10-01 13:45:05,1790833505,5
2026-10-01 13:45:10,1790833510,5
2026-10-01 13:45:16,1790833516,6
2026-10-01 13:45:21,1790833521,5
2026-10-01 13:45:26,1790833526,5
2026-10-01 13:45:31,1790833531,5
2026-10-01 13:45:36,1790833536,5
2026-10-01 13:45:41,1790833541,5
2026-10-01 13:45:47,1790833547,6
2026-10-01 13:45:52,1790833552,5
2026-10-01 13:45:57,1790833557,5
2026-10-01 13:46:02,1790833562,5
2026-10-01 13:46:07,1790833567,5
2026-10-01 13:46:12,1790833572,5
2026-10-01 13:46:18,1790833578,6
2026-10-01 13:46:23,1790833583,5
2026-10-01 13:46:28,1790833588,5
2026-10-01 13:46:33,1790833593,5
2026-10-01 13:46:38,1790833598,5
2026-10-01 13:46:43,1790833603,5
2026-10-01 13:46:48,1790833608,5
2026-10-01 13:46:53,1790833613,5
2026-10-01 13:46:58,1790833618,5
2026-10-01 13:47:03,1790833623,5
2026-10-01 13:47:08,1790833628,5
2026-10-01 13:47:13,1790833633,5
2026-10-01 13:47:19,1790833639,6
2026-10-01 13:47:24,1790833644,5
2026-10-01 13:47:29,1790833649,5
2026-10-01 13:47:34,1790833654,5
2026-10-01 13:47:39,1790833659,5
2026-10-01 13:47:44,1790833664,5
2026-10-01 13:47:50,1790833670,6
2026-10-01 13:47:55,1790833675,5
2026-10-01 13:48:00,1790833680,5
2026-10-01 13:48:05,1790833685,5
2026-10-01 13:48:10,1790833690,5
2026-10-01 13:48:15,1790833695,5
2026-10-01 13:48:21,1790833701,6
2026-10-01 13:48:26,1790833706,5
2026-10-01 13:48:31,1790833711,5
2026-10-01 13:48:36,1790833716,5
2026-10-01 13:48:41,1790833721,5
2026-10-01 13:48:46,1790833726,5
2026-10-01 13:48:52,1790833732,6
2026-10-01 13:48:57,1790833737,5
2026-10-01 13:49:02,1790833742,5
2026-10-01 13:49:07,1790833747,5
2026-10-01 13:49:12,1790833752,5
2026-10-01 13:49:17,1790833757,5
2026-10-01 13:49:22,1790833762,5
2026-10-01 13:49:27,1790833767,5
2026-10-01 13:49:32,1790833772,5
2026-10-01 13:49:37,1790833777,5
2026-10-01 13:49:42,1790833782,5
2026-10-01 13:49:47,1790833787,5
2026-10-01 13:49:53,1790833793,6
2026-10-01 13:49:58,1790833798,5
2026-10-01 13:50:03,1790833803,5
2026-10-01 13:50:08,1790833808,5
2026-10-01 13:50:13,1790833813,5
2026-10-01 13:50:18,1790833818,5
2026-10-01 13:50:24,1790833824,6
2026-10-01 13:50:29,1790833829,5
2026-10-01 13:50:34,1790833834,5
2026-10-01 13:50:39,1790833839,5
2026-10-01 13:50:44,1790833844,5
2026-10-01 13:50:49,1790833849,5
2026-10-01 13:50:54,1790833854,5
2026-10-01 13:50:59,1790833859,5
2026-10-01 13:51:04,1790833864,5
2026-10-01 13:51:10,1790833870,6
2026-10-01 13:51:15,1790833875,5
2026-10-01 13:51:20,1790833880,5
2026-10-01 13:51:26,1790833886,6
2026-10-01 13:51:31,1790833891,5
2026-10-01 13:51:36,1790833896,5
2026-10-01 13:51:41,1790833901,5
2026-10-01 13:51:46,1790833906,5
2026-10-01 13:51:51,1790833911,5
2026-10-01 13:51:56,1790833916,5
2026-10-01 13:52:01,1790833921,5
2026-10-01 13:52:06,1790833926,5
2026-10-01 13:52:11,1790833931,5
2026-10-01 13:52:16,1790833936,5
2026-10-01 13:52:21,1790833941,5
2026-10-01 13:52:27,1790833947,6
2026-10-01 13:52:32,1790833952,5
2026-10-01 13:52:37,1790833957,5
2026-10-01 13:52:42,1790833962,5
2026-10-01 13:52:47,1790833967,5
2026-10-01 13:52:52,1790833972,5
2026-10-01 13:52:58,1790833978,6
2026-10-01 13:53:03,1790833983,5
2026-10-01 13:53:08,1790833988,5
2026-10-01 13:53:13,1790833993,5
2026-10-01 13:53:18,1790833998,5
2026-10-01 13:53:23,1790834003,5
2026-10-01 13:53:29,1790834009,6
2026-10-01 13:53:34,1790834014,5
2026-10-01 13:53:39,1790834019,5
2026-10-01 13:53:44,1790834024,5
2026-10-01 13:53:49,1790834029,5
2026-10-01 13:53:54,1790834034,5
2026-10-01 13:54:00,1790834040,6
2026-10-01 13:54:05,1790834045,5
2026-10-01 13:54:10,1790834050,5
2026-10-01 13:54:15,1790834055,5
2026-10-01 13:54:20,1790834060,5
2026-10-01 13:54:25,1790834065,5
2026-10-01 13:54:30,1790834070,5
2026-10-01 13:54:35,1790834075,5
2026-10-01 13:54:40,1790834080,5
2026-10-01 13:54:45,1790834085,5
2026-10-01 13:54:50,1790834090,5
2026-10-01 13:54:55,1790834095,5
2026-10-01 13:55:01,1790834101,6
2026-10-01 13:55:06,1790834106,5
2026-10-01 13:55:11,1790834111,5
2026-10-01 13:55:17,1790834117,6
2026-10-01 13:55:22,1790834122,5
2026-10-01 13:55:27,1790834127,5
2026-10-01 13:55:32,1790834132,5
2026-10-01 13:55:37,1790834137,5
2026-10-01 13:55:42,1790834142,5
2026-10-01 13:55:47,1790834147,5
2026-10-01 13:55:52,1790834152,5
2026-10-01 13:55:57,1790834157,5
2026-10-01 13:56:03,1790834163,6
2026-10-01 13:56:08,1790834168,5
2026-10-01 13:56:13,1790834173,5
2026-10-01 13:56:18,1790834178,5
2026-10-01 13:56:23,1790834183,5
2026-10-01 13:56:28,1790834188,5
2026-10-01 13:56:34,1790834194,6
2026-10-01 13:56:39,1790834199,5
2026-10-01 13:56:44,1790834204,5
2026-10-01 13:56:49,1790834209,5
2026-10-01 13:56:54,1790834214,5
2026-10-01 13:56:59,1790834219,5
2026-10-01 13:57:04,1790834224,5
2026-10-01 13:57:09,1790834229,5
2026-10-01 13:57:14,1790834234,5
2026-10-01 13:57:19,1790834239,5
2026-10-01 13:57:25,1790834245,6
2026-10-01 13:57:30,1790834250,5
2026-10-01 13:57:35,1790834255,5
2026-10-01 13:57:40,1790834260,5
2026-10-01 13:57:45,1790834265,5
2026-10-01 13:57:50,1790834270,5
2026-10-01 13:57:55,1790834275,5
2026-10-01 13:58:00,1790834280,5
2026-10-01 13:58:06,1790834286,6
2026-10-01 13:58:11,1790834291,5
2026-10-01 13:58:16,1790834296,5
2026-10-01 13:58:21,1790834301,5
2026-10-01 13:58:26,1790834306,5
2026-10-01 13:58:31,1790834311,5
2026-10-01 13:58:37,1790834317,6
2026-10-01 13:58:42,1790834322,5
2026-10-01 13:58:47,1790834327,5
2026-10-01 13:58:52,1790834332,5
2026-10-01 13:58:57,1790834337,5
2026-10-01 13:59:02,1790834342,5
2026-10-01 13:59:07,1790834347,5
2026-10-01 13:59:12,1790834352,5
2026-10-01 13:59:17,1790834357,5
2026-10-01 13:59:23,1790834363,6
2026-10-01 13:59:28,1790834368,5
2026-10-01 13:59:33,1790834373,5
2026-10-01 13:59:39,1790834379,6
2026-10-01 13:59:44,1790834384,5
2026-10-01 13:59:49,1790834389,5
2026-10-01 13:59:54,1790834394,5
2026-10-01 13:59:59,1790834399,5
2026-10-01 14:00:04,1790834404,5
2026-10-01 14:00:09,1790834409,5
2026-10-01 14:00:14,1790834414,5
2026-10-01 14:00:19,1790834419,5
2026-10-01 14:00:24,1790834424,5
2026-10-01 14:00:29,1790834429,5
2026-10-01 14:00:34,1790834434,5
2026-10-01 14:00:40,1790834440,6
2026-10-01 14:00:45,1790834445,5
2026-10-01 14:00:50,1790834450,5
2026-10-01 14:00:55,1790834455,5
2026-10-01 14:01:00,1790834460,5
2026-10-01 14:01:05,1790834465,5
2026-10-01 14:01:11,1790834471,6
2026-10-01 14:01:16,1790834476,5
2026-10-01 14:01:21,1790834481,5
2026-10-01 14:01:26,1790834486,5
2026-10-01 14:01:31,1790834491,5
2026-10-01 14:01:36,1790834496,5
2026-10-01 14:01:42,1790834502,6
2026-10-01 14:01:47,1790834507,5
2026-10-01 14:01:52,1790834512,5
2026-10-01 14:01:57,1790834517,5
2026-10-01 14:02:02,1790834522,5
2026-10-01 14:02:07,1790834527,5
2026-10-01 14:02:13,1790834533,6
2026-10-01 14:02:18,1790834538,5
2026-10-01 14:02:23,1790834543,5
2026-10-01 14:02:28,1790834548,5
2026-10-01 14:02:33,1790834553,5
2026-10-01 14:02:38,1790834558,5
2026-10-01 14:02:44,1790834564,6
2026-10-01 14:02:49,1790834569,5
2026-10-01 14:02:54,1790834574,5
2026-10-01 14:02:59,1790834579,5
2026-10-01 14:03:04,1790834584,5
2026-10-01 14:03:09,1790834589,5
2026-10-01 14:03:15,1790834595,6
2026-10-01 14:03:20,1790834600,5
2026-10-01 14:03:25,1790834605,5
2026-10-01 14:03:30,1790834610,5
2026-10-01 14:03:35,1790834615,5
2026-10-01 14:03:40,1790834620,5
2026-10-01 14:03:45,1790834625,5
2026-10-01 14:03:50,1790834630,5
2026-10-01 14:03:55,1790834635,5
2026-10-01 14:04:00,1790834640,5
2026-10-01 14:04:05,1790834645,5
2026-10-01 14:04:10,1790834650,5
2026-10-01 14:04:16,1790834656,6
2026-10-01 14:04:21,1790834661,5
2026-10-01 14:04:26,1790834666,5
2026-10-01 14:04:31,1790834671,5
2026-10-01 14:04:36,1790834676,5
2026-10-01 14:04:41,1790834681,5
2026-10-01 14:04:47,1790834687,6
2026-10-01 14:04:52,1790834692,5
2026-10-01 14:04:57,1790834697,5
2026-10-01 14:05:02,1790834702,5
2026-10-01 14:05:07,1790834707,5
2026-10-01 14:05:12,1790834712,5
2026-10-01 14:05:18,1790834718,6
2026-10-01 14:05:23,1790834723,5
2026-10-01 14:05:28,1790834728,5
2026-10-01 14:05:33,1790834733,5
2026-10-01 14:05:38,1790834738,5
2026-10-01 14:05:43,1790834743,5
2026-10-01 14:05:49,1790834749,6
2026-10-01 14:05:54,1790834754,5
2026-10-01 14:05:59,1790834759,5
2026-10-01 14:06:04,1790834764,5
2026-10-01 14:06:09,1790834769,5
2026-10-01 14:06:14,1790834774,5
2026-10-01 14:06:20,1790834780,6
2026-10-01 14:06:25,1790834785,5
2026-10-01 14:06:30,1790834790,5
2026-10-01 14:06:35,1790834795,5
2026-10-01 14:06:40,1790834800,5
2026-10-01 14:06:45,1790834805,5
2026-10-01 14:06:51,1790834811,6
2026-10-01 14:06:56,1790834816,5
2026-10-01 14:07:01,1790834821,5
2026-10-01 14:07:06,1790834826,5
2026-10-01 14:07:11,1790834831,5
2026-10-01 14:07:16,1790834836,5
2026-10-01 14:07:21,1790834841,5
2026-10-01 14:07:26,1790834846,5
2026-10-01 14:07:31,1790834851,5
2026-10-01 14:07:36,1790834856,5
2026-10-01 14:07:41,1790834861,5
2026-10-01 14:07:46,1790834866,5
2026-10-01 14:07:52,1790834872,6
2026-10-01 14:07:57,1790834877,5
2026-10-01 14:08:02,1790834882,5
2026-10-01 14:08:07,1790834887,5
2026-10-01 14:08:12,1790834892,5
2026-10-01 14:08:17,1790834897,5
2026-10-01 14:08:23,1790834903,6
2026-10-01 14:08:28,1790834908,5
2026-10-01 14:08:33,1790834913,5
2026-10-01 14:08:38,1790834918,5
2026-10-01 14:08:43,1790834923,5
2026-10-01 14:08:48,1790834928,5
2026-10-01 14:08:54,1790834934,6
2026-10-01 14:08:59,1790834939,5
2026-10-01 14:09:04,1790834944,5
2026-10-01 14:09:09,1790834949,5
2026-10-01 14:09:14,1790834954,5
2026-10-01 14:09:19,1790834959,5
2026-10-01 14:09:25,1790834965,6
2026-10-01 14:09:30,1790834970,5
2026-10-01 14:09:35,1790834975,5
2026-10-01 14:09:40,1790834980,5
2026-10-01 14:09:45,1790834985,5
2026-10-01 14:09:50,1790834990,5
2026-10-01 14:09:56,1790834996,6
2026-10-01 14:10:01,1790835001,5
2026-10-01 14:10:06,1790835006,5
2026-10-01 14:10:11,1790835011,5
2026-10-01 14:10:16,1790835016,5
2026-10-01 14:10:21,1790835021,5
2026-10-01 14:10:27,1790835027,6
2026-10-01 14:10:32,1790835032,5
2026-10-01 14:10:37,1790835037,5
2026-10-01 14:10:42,1790835042,5
2026-10-01 14:10:47,1790835047,5
2026-10-01 14:10:52,1790835052,5
2026-10-01 14:10:57,1790835057,5
2026-10-01 14:11:02,1790835062,5
2026-10-01 14:11:07,1790835067,5
2026-10-01 14:11:12,1790835072,5
2026-10-01 14:11:18,1790835078,6
2026-10-01 14:11:23,1790835083,5
2026-10-01 14:11:28,1790835088,5
2026-10-01 14:11:33,1790835093,5
2026-10-01 14:11:38,1790835098,5
2026-10-01 14:11:43,1790835103,5
2026-10-01 14:11:48,1790835108,5
2026-10-01 14:11:53,1790835113,5
2026-10-01 14:11:59,1790835119,6
2026-10-01 14:12:04,1790835124,5
2026-10-01 14:12:09,1790835129,5
2026-10-01 14:12:14,1790835134,5
2026-10-01 14:12:19,1790835139,5
2026-10-01 14:12:24,1790835144,5
2026-10-01 14:12:30,1790835150,6
2026-10-01 14:12:35,1790835155,5
2026-10-01 14:12:40,1790835160,5
2026-10-01 14:12:45,1790835165,5
2026-10-01 14:12:50,1790835170,5
2026-10-01 14:12:55,1790835175,5
2026-10-01 14:13:01,1790835181,6
2026-10-01 14:13:06,1790835186,5
2026-10-01 14:13:11,1790835191,5
2026-10-01 14:13:16,1790835196,5
2026-10-01 14:13:21,1790835201,5
2026-10-01 14:13:26,1790835206,5
2026-10-01 14:13:32,1790835212,6
2026-10-01 14:13:37,1790835217,5
2026-10-01 14:13:42,1790835222,5
2026-10-01 14:13:47,1790835227,5
2026-10-01 14:13:52,1790835232,5
2026-10-01 14:13:57,1790835237,5
2026-10-01 14:14:03,1790835243,6
2026-10-01 14:14:08,1790835248,5
2026-10-01 14:14:13,1790835253,5
2026-10-01 14:14:18,1790835258,5
2026-10-01 14:14:23,1790835263,5
2026-10-01 14:14:28,1790835268,5
2026-10-01 14:14:34,1790835274,6
2026-10-01 14:14:39,1790835279,5
2026-10-01 14:14:44,1790835284,5
2026-10-01 14:14:49,1790835289,5
2026-10-01 14:14:54,1790835294,5
2026-10-01 14:14:59,1790835299,5
2026-10-01 14:15:05,1790835305,6
2026-10-01 14:15:10,1790835310,5
2026-10-01 14:15:15,1790835315,5
2026-10-01 14:15:20,1790835320,5
2026-10-01 14:15:25,1790835325,5
2026-10-01 14:15:30,1790835330,5
2026-10-01 14:15:35,1790835335,5
2026-10-01 14:15:40,1790835340,5
2026-10-01 14:15:45,1790835345,5
2026-10-01 14:15:50,1790835350,5
2026-10-01 14:15:55,1790835355,5
2026-10-01 14:16:00,1790835360,5
2026-10-01 14:16:06,1790835366,6
2026-10-01 14:16:11,1790835371,5
2026-10-01 14:16:16,1790835376,5
2026-10-01 14:16:21,1790835381,5
2026-10-01 14:16:26,1790835386,5
2026-10-01 14:16:31,1790835391,5
2026-10-01 14:16:37,1790835397,6
2026-10-01 14:16:42,1790835402,5
2026-10-01 14:16:47,1790835407,5
2026-10-01 14:16:52,1790835412,5
2026-10-01 14:16:57,1790835417,5
2026-10-01 14:17:02,1790835422,5
2026-10-01 14:17:08,1790835428,6
2026-10-01 14:17:13,1790835433,5
2026-10-01 14:17:18,1790835438,5
2026-10-01 14:17:23,1790835443,5
2026-10-01 14:17:28,1790835448,5
2026-10-01 14:17:33,1790835453,5
2026-10-01 14:17:39,1790835459,6
2026-10-01 14:17:44,1790835464,5
2026-10-01 14:17:49,1790835469,5
2026-10-01 14:17:54,1790835474,5
2026-10-01 14:17:59,1790835479,5
2026-10-01 14:18:04,1790835484,5
2026-10-01 14:18:10,1790835490,6
2026-10-01 14:18:15,1790835495,5
2026-10-01 14:18:20,1790835500,5
2026-10-01 14:18:25,1790835505,5
2026-10-01 14:18:30,1790835510,5
2026-10-01 14:18:35,1790835515,5
2026-10-01 14:18:40,1790835520,5
2026-10-01 14:18:45,1790835525,5
2026-10-01 14:18:50,1790835530,5
2026-10-01 14:18:56,1790835536,6
2026-10-01 14:19:01,1790835541,5
2026-10-01 14:19:12,1790835552,11
2026-10-01 14:19:17,1790835557,5
2026-10-01 14:19:22,1790835562,5
