cached_at,payload_ts,sent_at,lag_s,reason
2026-10-01 13:26:17,2026-10-01 13:26:17,2026-10-01 13:26:47,30.0,补传中
2026-10-01 13:26:47,2026-10-01 13:26:47,2026-10-01 13:27:18,31.0,补传中
2026-10-01 13:27:18,2026-10-01 13:27:18,2026-10-01 13:27:48,30.0,补传中
2026-10-01 13:27:48,2026-10-01 13:27:48,2026-10-01 13:28:19,31.0,补传中
2026-10-01 13:28:19,2026-10-01 13:28:19,2026-10-01 13:28:49,30.0,补传中
2026-10-01 13:28:49,2026-10-01 13:28:49,2026-10-01 13:29:20,31.0,补传中
2026-10-01 13:29:20,2026-10-01 13:29:20,2026-10-01 13:29:50,30.0,补传中
2026-10-01 13:29:50,2026-10-01 13:29:50,2026-10-01 13:30:21,31.0,补传中
2026-10-01 13:30:21,2026-10-01 13:30:21,2026-10-01 13:30:51,30.0,补传中
2026-10-01 13:30:51,2026-10-01 13:30:51,2026-10-01 13:31:22,31.0,补传中
2026-10-01 13:31:22,2026-10-01 13:31:22,2026-10-01 13:31:53,31.0,补传中
2026-10-01 13:31:53,2026-10-01 13:31:53,2026-10-01 13:32:23,30.0,补传中
2026-10-01 13:32:23,2026-10-01 13:32:23,2026-10-01 13:32:54,31.0,补传中
2026-10-01 13:32:54,2026-10-01 13:32:54,2026-10-01 13:33:24,30.0,补传中
2026-10-01 13:33:24,2026-10-01 13:33:24,2026-10-01 13:33:55,31.0,补传中
2026-10-01 13:33:55,2026-10-01 13:33:55,2026-10-01 13:34:26,31.0,补传中
2026-10-01 13:34:26,2026-10-01 13:34:26,2026-10-01 13:34:56,30.0,补传中
2026-10-01 13:34:56,2026-10-01 13:34:56,2026-10-01 13:35:27,31.0,补传中
2026-10-01 13:35:27,2026-10-01 13:35:27,2026-10-01 13:35:57,30.0,补传中
2026-10-01 13:35:57,2026-10-01 13:35:57,2026-10-01 13:36:28,31.0,补传中
2026-10-01 13:36:28,2026-10-01 13:36:28,2026-10-01 13:36:59,31.0,补传中
2026-10-01 13:36:59,2026-10-01 13:36:59,2026-10-01 13:37:29,30.0,补传中
2026-10-01 13:37:29,2026-10-01 13:37:29,2026-10-01 13:38:00,31.0,补传中
2026-10-01 13:38:00,2026-10-01 13:38:00,2026-10-01 13:38:31,31.0,补传中
2026-10-01 13:38:31,2026-10-01 13:38:31,2026-10-01 13:39:01,30.0,补传中
2026-10-01 13:39:01,2026-10-01 13:39:01,2026-10-01 13:39:32,31.0,补传中
2026-10-01 13:39:32,2026-10-01 13:39:32,2026-10-01 13:40:03,31.0,补传中
2026-10-01 13:40:03,2026-10-01 13:40:03,2026-10-01 13:40:34,31.0,补传中
2026-10-01 13:40:34,2026-10-01 13:40:34,2026-10-01 13:41:04,30.0,补传中
2026-10-01 13:41:04,2026-10-01 13:41:04,2026-10-01 13:41:35,31.0,补传中
2026-10-01 13:41:35,2026-10-01 13:41:35,2026-10-01 13:42:06,31.0,补传中
2026-10-01 13:42:06,2026-10-01 13:42:06,2026-10-01 13:42:37,31.0,补传中
2026-10-01 13:42:37,2026-10-01 13:42:37,2026-10-01 13:43:07,30.0,补传中
2026-10-01 13:43:07,2026-10-01 13:43:07,2026-10-01 13:43:38,31.0,补传中
2026-10-01 13:43:38,2026-10-01 13:43:38,2026-10-01 13:44:09,31.0,补传中
2026-10-01 13:44:09,2026-10-01 13:44:09,2026-10-01 13:44:40,31.0,补传中
2026-10-01 13:44:40,2026-10-01 13:44:40,2026-10-01 13:45:10,30.0,补传中
2026-10-01 13:45:10,2026-10-01 13:45:10,2026-10-01 13:45:41,31.0,补传中
2026-10-01 13:45:41,2026-10-01 13:45:41,2026-10-01 13:46:12,31.0,补传中
2026-10-01 13:46:12,2026-10-01 13:46:12,2026-10-01 13:46:43,31.0,补传中
2026-10-01 13:46:43,2026-10-01 13:46:43,2026-10-01 13:47:13,30.0,补传中
2026-10-01 13:47:13,2026-10-01 13:47:13,2026-10-01 13:47:44,31.0,补传中
2026-10-01 13:47:44,2026-10-01 13:47:44,2026-10-01 13:48:15,31.0,补传中
2026-10-01 13:48:15,2026-10-01 13:48:15,2026-10-01 13:48:46,31.0,补传中
2026-10-01 13:48:46,2026-10-01 13:48:46,2026-10-01 13:49:17,31.0,补传中
2026-10-01 13:49:17,2026-10-01 13:49:17,2026-10-01 13:49:47,30.0,补传中
2026-10-01 13:49:47,2026-10-01 13:49:47,2026-10-01 13:50:18,31.0,补传中
2026-10-01 13:50:18,2026-10-01 13:50:18,2026-10-01 13:50:49,31.0,补传中
2026-10-01 13:50:49,2026-10-01 13:50:49,2026-10-01 13:51:20,31.0,补传中
2026-10-01 13:51:20,2026-10-01 13:51:20,2026-10-01 13:51:51,31.0,补传中
2026-10-01 13:51:51,2026-10-01 13:51:51,2026-10-01 13:52:21,30.0,补传中
2026-10-01 13:52:21,2026-10-01 13:52:21,2026-10-01 13:52:52,31.0,补传中
2026-10-01 13:52:52,2026-10-01 13:52:52,2026-10-01 13:53:23,31.0,补传中
2026-10-01 13:53:23,2026-10-01 13:53:23,2026-10-01 13:53:54,31.0,补传中
2026-10-01 13:53:54,2026-10-01 13:53:54,2026-10-01 13:54:25,31.0,补传中
2026-10-01 13:54:25,2026-10-01 13:54:25,2026-10-01 13:54:55,30.0,补传中
2026-10-01 13:54:55,2026-10-01 13:54:55,2026-10-01 13:55:27,32.0,补传中
2026-10-01 13:55:27,2026-10-01 13:55:27,2026-10-01 13:55:57,30.0,补传中
2026-10-01 13:55:57,2026-10-01 13:55:57,2026-10-01 13:56:28,31.0,补传中
2026-10-01 13:56:28,2026-10-01 13:56:28,2026-10-01 13:56:59,31.0,补传中
2026-10-01 13:56:59,2026-10-01 13:56:59,2026-10-01 13:57:30,31.0,补传中
2026-10-01 13:57:30,2026-10-01 13:57:30,2026-10-01 13:58:00,30.0,补传中
2026-10-01 13:58:00,2026-10-01 13:58:00,2026-10-01 13:58:31,31.0,补传中
2026-10-01 13:58:31,2026-10-01 13:58:31,2026-10-01 13:59:02,31.0,补传中
2026-10-01 13:59:02,2026-10-01 13:59:02,2026-10-01 13:59:33,31.0,补传中
2026-10-01 13:59:33,2026-10-01 13:59:33,2026-10-01 14:00:04,31.0,补传中
2026-10-01 14:00:04,2026-10-01 14:00:04,2026-10-01 14:00:35,31.0,补传中
2026-10-01 14:00:35,2026-10-01 14:00:34,2026-10-01 14:01:05,30.0,补传中
2026-10-01 14:01:05,2026-10-01 14:01:05,2026-10-01 14:01:36,31.0,补传中
2026-10-01 14:01:36,2026-10-01 14:01:36,2026-10-01 14:02:07,31.0,补传中
2026-10-01 14:02:07,2026-10-01 14:02:07,2026-10-01 14:02:38,31.0,补传中
2026-10-01 14:02:38,2026-10-01 14:02:38,2026-10-01 14:03:09,31.0,补传中
2026-10-01 14:03:09,2026-10-01 14:03:09,2026-10-01 14:03:40,31.0,补传中
2026-10-01 14:03:40,2026-10-01 14:03:40,2026-10-01 14:04:10,30.0,补传中
2026-10-01 14:04:10,2026-10-01 14:04:10,2026-10-01 14:04:41,31.0,补传中
2026-10-01 14:04:41,2026-10-01 14:04:41,2026-10-01 14:05:12,31.0,补传中
2026-10-01 14:05:12,2026-10-01 14:05:12,2026-10-01 14:05:43,31.0,补传中
2026-10-01 14:05:43,2026-10-01 14:05:43,2026-10-01 14:06:14,31.0,补传中
2026-10-01 14:06:14,2026-10-01 14:06:14,2026-10-01 14:06:45,31.0,补传中
2026-10-01 14:06:45,2026-10-01 14:06:45,2026-10-01 14:07:16,31.0,补传中
2026-10-01 14:07:16,2026-10-01 14:07:16,2026-10-01 14:07:47,31.0,补传中
2026-10-01 14:07:47,2026-10-01 14:07:46,2026-10-01 14:08:17,30.0,补传中
2026-10-01 14:08:17,2026-10-01 14:08:17,2026-10-01 14:08:48,31.0,补传中
2026-10-01 14:08:48,2026-10-01 14:08:48,2026-10-01 14:09:19,31.0,补传中
2026-10-01 14:09:19,2026-10-01 14:09:19,2026-10-01 14:09:50,31.0,补传中
2026-10-01 14:09:50,2026-10-01 14:09:50,2026-10-01 14:10:21,31.0,补传中
2026-10-01 14:10:21,2026-10-01 14:10:21,2026-10-01 14:10:52,31.0,补传中
2026-10-01 14:10:52,2026-10-01 14:10:52,2026-10-01 14:11:23,31.0,补传中
2026-10-01 14:11:23,2026-10-01 14:11:23,2026-10-01 14:11:53,30.0,补传中
2026-10-01 14:11:53,2026-10-01 14:11:53,2026-10-01 14:12:24,31.0,补传中
2026-10-01 14:12:24,2026-10-01 14:12:24,2026-10-01 14:12:55,31.0,补传中
2026-10-01 14:12:55,2026-10-01 14:12:55,2026-10-01 14:13:26,31.0,补传中
2026-10-01 14:13:26,2026-10-01 14:13:26,2026-10-01 14:13:57,31.0,补传中
2026-10-01 14:13:57,2026-10-01 14:13:57,2026-10-01 14:14:28,31.0,补传中
2026-10-01 14:14:28,2026-10-01 14:14:28,2026-10-01 14:14:59,31.0,补传中
2026-10-01 14:14:59,2026-10-01 14:14:59,2026-10-01 14:15:30,31.0,补传中
2026-10-01 14:15:30,2026-10-01 14:15:30,2026-10-01 14:16:00,30.0,补传中
2026-10-01 14:16:00,2026-10-01 14:16:00,2026-10-01 14:16:31,31.0,补传中
2026-10-01 14:16:31,2026-10-01 14:16:31,2026-10-01 14:17:02,31.0,补传中
2026-10-01 14:17:02,2026-10-01 14:17:02,2026-10-01 14:17:33,31.0,补传中
2026-10-01 14:17:33,2026-10-01 14:17:33,2026-10-01 14:18:04,31.0,补传中
2026-10-01 14:18:04,2026-10-01 14:18:04,2026-10-01 14:18:35,31.0,补传中
2026-10-01 14:18:35,2026-10-01 14:18:35,2026-10-01 14:19:06,31.0,补传中
2026-10-01 14:19:06,2026-10-01 14:19:06,2026-10-01 14:19:37,31.0,补传中
2026-10-01 14:19:37,2026-10-01 14:19:37,2026-10-01 14:20:08,31.0,补传中
2026-10-01 14:20:08,2026-10-01 14:20:08,,,补传中
