ts_epoch,ts_local,t_arrival,t_first_seen,clock_offset_ms,lat_visible_s,lat_visible_corrected_s,lat_arrival_s,lat_arrival_corrected_s,delta2_s,class
1790837980,2026-10-01 14:59:40,1790837981.164,1790837981.398,-194.4,1.398,1.204,1.164,0.969,0.235,direct
1790837985,2026-10-01 14:59:45,1790837986.326,1790837986.410,-347.5,1.410,1.062,1.326,0.978,0.084,direct
1790837991,2026-10-01 14:59:51,1790837991.487,1790837991.669,442.8,0.669,1.112,0.487,0.930,0.182,direct
1790837996,2026-10-01 14:59:56,1790837996.648,1790837996.680,288.5,0.680,0.969,0.648,0.937,0.032,direct
1790838001,2026-10-01 15:00:01,1790838001.810,1790838001.945,123.2,0.945,1.068,0.810,0.933,0.135,direct
1790838006,2026-10-01 15:00:06,1790838006.974,1790838007.203,-38.2,1.203,1.165,0.974,0.936,0.229,direct
1790838011,2026-10-01 15:00:11,1790838012.140,1790838012.220,-189.1,1.220,1.031,1.140,0.951,0.080,direct
1790838016,2026-10-01 15:00:16,1790838017.302,1790838017.486,-347.7,1.486,1.138,1.302,0.954,0.184,direct
1790838022,2026-10-01 15:00:22,1790838022.462,1790838022.486,444.7,0.486,0.931,0.462,0.907,0.024,direct
1790838027,2026-10-01 15:00:27,1790838027.625,1790838027.747,287.3,0.747,1.034,0.625,0.912,0.122,direct
1790838032,2026-10-01 15:00:32,1790838032.797,1790838033.012,120.6,1.012,1.133,0.797,0.918,0.215,direct
1790838037,2026-10-01 15:00:37,1790838037.986,1790838038.019,-50.1,1.019,0.969,0.986,0.936,0.033,direct
1790838042,2026-10-01 15:00:42,1790838043.151,1790838043.279,-216.2,1.279,1.063,1.151,0.935,0.128,direct
1790838047,2026-10-01 15:00:47,1790838048.314,1790838048.540,-377.4,1.540,1.163,1.314,0.936,0.227,direct
1790838053,2026-10-01 15:00:53,1790838053.473,1790838053.552,446.1,0.552,0.998,0.473,0.919,0.079,direct
1790838058,2026-10-01 15:00:58,1790838058.632,1790838058.814,285.7,0.814,1.100,0.632,0.918,0.182,direct
1790838063,2026-10-01 15:01:03,1790838063.796,1790838063.825,134.2,0.825,0.959,0.796,0.930,0.029,direct
1790838068,2026-10-01 15:01:08,1790838068.962,1790838069.088,-28.2,1.088,1.060,0.962,0.933,0.127,direct
1790838073,2026-10-01 15:01:13,1790838074.124,1790838074.348,-189.4,1.348,1.159,1.124,0.935,0.224,direct
1790838078,2026-10-01 15:01:18,1790838079.285,1790838079.357,-343.4,1.357,1.014,1.285,0.942,0.072,direct
1790838084,2026-10-01 15:01:24,1790838084.447,1790838084.624,445.7,0.624,1.070,0.447,0.893,0.177,direct
1790838089,2026-10-01 15:01:29,1790838089.609,1790838089.642,303.5,0.642,0.946,0.609,0.913,0.033,direct
1790838094,2026-10-01 15:01:34,1790838094.771,1790838094.893,133.6,0.893,1.027,0.771,0.905,0.122,direct
1790838099,2026-10-01 15:01:39,1790838099.934,1790838100.157,-27.9,1.157,1.129,0.934,0.906,0.223,direct
1790838104,2026-10-01 15:01:44,1790838105.095,1790838105.169,-181.6,1.169,0.987,1.095,0.914,0.073,direct
1790838109,2026-10-01 15:01:49,1790838110.257,1790838110.439,-335.2,1.439,1.104,1.257,0.922,0.182,direct
1790838115,2026-10-01 15:01:55,1790838115.419,1790838115.442,448.8,0.442,0.891,0.419,0.868,0.023,direct
1790838120,2026-10-01 15:02:00,1790838120.580,1790838120.705,287.8,0.705,0.993,0.580,0.868,0.125,direct
1790838125,2026-10-01 15:02:05,1790838125.747,1790838125.969,124.5,0.969,1.094,0.747,0.872,0.222,direct
1790838130,2026-10-01 15:02:10,1790838130.909,1790838130.982,-30.8,0.982,0.951,0.909,0.878,0.073,direct
1790838135,2026-10-01 15:02:15,1790838136.074,1790838136.243,-196.7,1.243,1.046,1.074,0.878,0.168,direct
1790838140,2026-10-01 15:02:20,1790838141.237,1790838141.253,-351.3,1.253,0.902,1.237,0.885,0.017,direct
1790838146,2026-10-01 15:02:26,1790838146.396,1790838146.516,-97.8,0.516,0.418,0.396,0.299,0.119,direct
1790838151,2026-10-01 15:02:31,1790838151.553,1790838151.786,-246.8,0.786,0.539,0.553,0.307,0.232,direct
1790838156,2026-10-01 15:02:36,1790838156.711,1790838156.789,-402.4,0.789,0.387,0.711,0.309,0.078,direct
1790838162,2026-10-01 15:02:42,1790838161.868,1790838162.063,468.7,0.063,0.532,-0.132,0.337,0.195,direct
1790838167,2026-10-01 15:02:47,1790838167.028,1790838167.062,306.0,0.062,0.368,0.028,0.334,0.034,direct
1790838172,2026-10-01 15:02:52,1790838172.188,1790838172.329,151.8,0.329,0.481,0.188,0.340,0.141,direct
1790838177,2026-10-01 15:02:57,1790838177.348,1790838177.345,466.9,0.345,0.812,0.348,0.815,-0.003,direct
1790838182,2026-10-01 15:03:02,1790838182.504,1790838182.594,300.1,0.594,0.894,0.504,0.804,0.090,direct
1790838187,2026-10-01 15:03:07,1790838187.662,1790838187.862,147.3,0.862,1.009,0.662,0.809,0.200,direct
1790838192,2026-10-01 15:03:12,1790838192.826,1790838192.865,-12.8,0.865,0.852,0.826,0.813,0.039,direct
1790838197,2026-10-01 15:03:17,1790838197.991,1790838198.126,-177.7,1.126,0.948,0.991,0.813,0.135,direct
1790838202,2026-10-01 15:03:22,1790838203.157,1790838203.386,-343.6,1.386,1.042,1.157,0.814,0.228,direct
1790838208,2026-10-01 15:03:28,1790838208.316,1790838208.397,454.4,0.397,0.851,0.316,0.771,0.080,direct
1790838213,2026-10-01 15:03:33,1790838213.475,1790838213.656,296.5,0.656,0.953,0.475,0.772,0.181,direct
1790838218,2026-10-01 15:03:38,1790838218.643,1790838218.669,144.6,0.669,0.814,0.643,0.788,0.026,direct
1790838223,2026-10-01 15:03:43,1790838223.806,1790838223.932,-15.8,0.932,0.916,0.806,0.790,0.126,direct
1790838228,2026-10-01 15:03:48,1790838228.967,1790838229.202,-167.2,1.202,1.035,0.967,0.800,0.235,direct
1790838233,2026-10-01 15:03:53,1790838234.128,1790838234.204,-329.6,1.204,0.874,1.128,0.799,0.075,direct
1790838239,2026-10-01 15:03:59,1790838239.289,1790838239.475,452.9,0.475,0.928,0.289,0.742,0.186,direct
1790838244,2026-10-01 15:04:04,1790838244.450,1790838244.476,290.9,0.476,0.767,0.450,0.741,0.026,direct
1790838249,2026-10-01 15:04:09,1790838249.612,1790838249.744,136.1,0.744,0.880,0.612,0.748,0.132,direct
1790838254,2026-10-01 15:04:14,1790838254.776,1790838254.998,-33.3,0.998,0.965,0.776,0.743,0.222,direct
1790838259,2026-10-01 15:04:19,1790838259.939,1790838260.008,-188.3,1.008,0.820,0.939,0.751,0.069,direct
1790838264,2026-10-01 15:04:24,1790838265.101,1790838265.269,-349.1,1.269,0.920,1.101,0.752,0.168,direct
1790838270,2026-10-01 15:04:30,1790838270.262,1790838270.279,446.8,0.279,0.726,0.262,0.709,0.017,direct
1790838275,2026-10-01 15:04:35,1790838275.424,1790838275.541,286.1,0.541,0.827,0.424,0.710,0.117,direct
1790838280,2026-10-01 15:04:40,1790838280.588,1790838280.810,126.4,0.810,0.936,0.588,0.715,0.221,direct
1790838285,2026-10-01 15:04:45,1790838285.757,1790838285.817,-36.5,0.817,0.781,0.757,0.720,0.061,direct
1790838290,2026-10-01 15:04:50,1790838290.925,1790838291.077,-204.3,1.077,0.873,0.925,0.720,0.153,direct
1790838295,2026-10-01 15:04:55,1790838296.090,1790838296.339,-369.4,1.339,0.970,1.090,0.720,0.250,direct
1790838301,2026-10-01 15:05:01,1790838301.254,1790838301.348,461.2,0.348,0.809,0.254,0.715,0.094,direct
1790838306,2026-10-01 15:05:06,1790838306.414,1790838306.608,301.3,0.608,0.909,0.414,0.715,0.194,direct
1790838311,2026-10-01 15:05:11,1790838311.574,1790838311.617,147.6,0.617,0.765,0.574,0.722,0.043,direct
1790838316,2026-10-01 15:05:16,1790838316.741,1790838316.878,-19.7,0.878,0.858,0.741,0.721,0.137,direct
1790838321,2026-10-01 15:05:21,1790838321.914,1790838322.139,-190.9,1.139,0.948,0.914,0.723,0.225,direct
1790838326,2026-10-01 15:05:26,1790838327.086,1790838327.148,-352.3,1.148,0.796,1.086,0.733,0.063,direct
1790838332,2026-10-01 15:05:32,1790838332.245,1790838332.411,441.8,0.411,0.853,0.245,0.687,0.166,direct
1790838337,2026-10-01 15:05:37,1790838337.405,1790838337.434,301.8,0.434,0.736,0.405,0.707,0.029,direct
1790838342,2026-10-01 15:05:42,1790838342.565,1790838342.685,131.3,0.685,0.816,0.565,0.696,0.120,direct
1790838347,2026-10-01 15:05:47,1790838347.727,1790838347.946,-30.0,0.946,0.916,0.727,0.697,0.219,direct
1790838352,2026-10-01 15:05:52,1790838352.888,1790838352.963,-177.3,0.963,0.786,0.888,0.711,0.075,direct
1790838357,2026-10-01 15:05:57,1790838358.049,1790838358.219,-344.0,1.219,0.875,1.049,0.705,0.170,direct
1790838363,2026-10-01 15:06:03,1790838363.209,1790838363.229,454.0,0.229,0.683,0.209,0.662,0.021,direct
1790838368,2026-10-01 15:06:08,1790838368.368,1790838368.490,295.3,0.490,0.785,0.368,0.663,0.122,direct
1790838373,2026-10-01 15:06:13,1790838373.531,1790838373.751,133.5,0.751,0.885,0.531,0.665,0.220,direct
1790838378,2026-10-01 15:06:18,1790838378.696,1790838378.770,-18.5,0.770,0.751,0.696,0.678,0.073,direct
1790838383,2026-10-01 15:06:23,1790838383.864,1790838384.025,-191.6,1.025,0.833,0.864,0.672,0.161,direct
1790838388,2026-10-01 15:06:28,1790838389.029,1790838389.039,-344.3,1.039,0.695,1.029,0.684,0.011,direct
1790838394,2026-10-01 15:06:34,1790838394.192,1790838394.298,439.2,0.298,0.737,0.192,0.631,0.106,direct
1790838399,2026-10-01 15:06:39,1790838399.354,1790838399.559,278.2,0.559,0.837,0.354,0.632,0.205,direct
1790838404,2026-10-01 15:06:44,1790838404.522,1790838404.571,121.1,0.571,0.692,0.522,0.643,0.049,direct
1790838409,2026-10-01 15:06:49,1790838409.690,1790838409.832,-48.0,0.832,0.784,0.690,0.642,0.142,direct
1790838414,2026-10-01 15:06:54,1790838414.863,1790838415.105,-207.5,1.105,0.897,0.863,0.655,0.242,direct
1790838419,2026-10-01 15:06:59,1790838420.029,1790838420.106,-373.6,1.106,0.732,1.029,0.655,0.077,direct
1790838425,2026-10-01 15:07:05,1790838425.192,1790838425.368,444.5,0.368,0.813,0.192,0.637,0.176,direct
1790838430,2026-10-01 15:07:10,1790838430.354,1790838430.379,292.8,0.379,0.672,0.354,0.647,0.025,direct
1790838435,2026-10-01 15:07:15,1790838435.514,1790838435.639,132.1,0.639,0.771,0.514,0.646,0.125,direct
1790838440,2026-10-01 15:07:20,1790838440.682,1790838440.914,-22.7,0.914,0.891,0.682,0.659,0.232,direct
1790838445,2026-10-01 15:07:25,1790838445.852,1790838445.912,-197.0,0.912,0.715,0.852,0.655,0.060,direct
1790838450,2026-10-01 15:07:30,1790838451.022,1790838451.173,-366.9,1.173,0.806,1.022,0.656,0.150,direct
1790838456,2026-10-01 15:07:36,1790838456.190,1790838456.433,445.7,0.433,0.879,0.190,0.636,0.243,direct
1790838461,2026-10-01 15:07:41,1790838461.348,1790838461.446,292.8,0.446,0.739,0.348,0.641,0.098,direct
1790838466,2026-10-01 15:07:46,1790838466.509,1790838466.717,141.1,0.717,0.858,0.509,0.650,0.208,direct
1790838471,2026-10-01 15:07:51,1790838471.671,1790838471.719,-21.6,0.719,0.697,0.671,0.650,0.047,direct
1790838476,2026-10-01 15:07:56,1790838476.835,1790838476.981,-183.7,0.981,0.797,0.835,0.651,0.146,direct
1790838481,2026-10-01 15:08:01,1790838481.998,1790838482.001,-329.3,1.001,0.672,0.998,0.668,0.004,direct
1790838487,2026-10-01 15:08:07,1790838487.160,1790838487.253,440.9,0.253,0.694,0.160,0.600,0.094,direct
1790838492,2026-10-01 15:08:12,1790838492.326,1790838492.513,280.6,0.513,0.794,0.326,0.607,0.187,direct
1790838497,2026-10-01 15:08:17,1790838497.489,1790838497.524,125.2,0.524,0.649,0.489,0.614,0.035,direct
1790838502,2026-10-01 15:08:22,1790838502.657,1790838502.786,-40.4,0.786,0.746,0.657,0.617,0.129,direct
1790838507,2026-10-01 15:08:27,1790838507.824,1790838508.048,-206.6,1.048,0.841,0.824,0.618,0.223,direct
1790838512,2026-10-01 15:08:32,1790838512.988,1790838513.059,-361.6,1.059,0.697,0.988,0.626,0.071,direct
1790838518,2026-10-01 15:08:38,1790838518.148,1790838518.329,468.0,0.329,0.797,0.148,0.616,0.181,direct
1790838523,2026-10-01 15:08:43,1790838523.302,1790838523.331,311.8,0.331,0.643,0.302,0.614,0.029,direct
1790838528,2026-10-01 15:08:48,1790838528.478,1790838528.601,147.9,0.601,0.749,0.478,0.626,0.123,direct
1790838533,2026-10-01 15:08:53,1790838533.657,1790838533.859,-33.5,0.859,0.825,0.657,0.623,0.202,direct
1790838538,2026-10-01 15:08:58,1790838538.836,1790838538.863,-208.8,0.863,0.654,0.836,0.627,0.027,direct
1790838543,2026-10-01 15:09:03,1790838544.005,1790838544.124,-375.9,1.124,0.748,1.005,0.629,0.119,direct
1790838549,2026-10-01 15:09:09,1790838549.164,1790838549.387,436.4,0.387,0.823,0.164,0.601,0.222,direct
1790838554,2026-10-01 15:09:14,1790838554.330,1790838554.400,286.4,0.400,0.686,0.330,0.617,0.069,direct
1790838559,2026-10-01 15:09:19,1790838559.489,1790838559.661,126.8,0.661,0.788,0.489,0.616,0.172,direct
1790838564,2026-10-01 15:09:24,1790838564.654,1790838564.671,-31.0,0.671,0.640,0.654,0.623,0.017,direct
1790838569,2026-10-01 15:09:29,1790838569.822,1790838569.932,-195.8,0.932,0.736,0.822,0.627,0.109,direct
1790838574,2026-10-01 15:09:34,1790838574.987,1790838575.192,-361.1,1.192,0.831,0.987,0.626,0.205,direct
1790838580,2026-10-01 15:09:40,1790838580.150,1790838580.203,442.0,0.203,0.645,0.150,0.592,0.053,direct
1790838585,2026-10-01 15:09:45,1790838585.312,1790838585.463,279.1,0.463,0.742,0.312,0.591,0.151,direct
1790838590,2026-10-01 15:09:50,1790838590.480,1790838590.725,115.6,0.725,0.841,0.480,0.596,0.245,direct
1790838595,2026-10-01 15:09:55,1790838595.644,1790838595.736,-39.9,0.736,0.696,0.644,0.604,0.092,direct
1790838600,2026-10-01 15:10:00,1790838600.810,1790838601.010,-192.7,1.010,0.817,0.810,0.617,0.200,direct
1790838605,2026-10-01 15:10:05,1790838605.979,1790838606.008,-359.4,1.008,0.649,0.979,0.619,0.030,direct
1790838611,2026-10-01 15:10:11,1790838611.141,1790838611.272,435.8,0.272,0.708,0.141,0.577,0.131,direct
1790838616,2026-10-01 15:10:16,1790838616.305,1790838616.533,273.3,0.533,0.806,0.305,0.578,0.228,direct
1790838621,2026-10-01 15:10:21,1790838621.469,1790838621.544,115.5,0.544,0.659,0.469,0.585,0.074,direct
1790838626,2026-10-01 15:10:26,1790838626.639,1790838626.816,-42.8,0.816,0.773,0.639,0.597,0.176,direct
1790838631,2026-10-01 15:10:31,1790838631.809,1790838631.818,-211.9,0.818,0.606,0.809,0.597,0.009,direct
1790838636,2026-10-01 15:10:36,1790838636.974,1790838637.079,-376.2,1.079,0.703,0.974,0.598,0.105,direct
1790838642,2026-10-01 15:10:42,1790838642.140,1790838642.341,444.6,0.341,0.786,0.140,0.585,0.201,direct
1790838647,2026-10-01 15:10:47,1790838647.302,1790838647.352,288.3,0.352,0.640,0.302,0.590,0.050,direct
1790838652,2026-10-01 15:10:52,1790838652.474,1790838652.619,126.6,0.619,0.746,0.474,0.601,0.145,direct
1790838657,2026-10-01 15:10:57,1790838657.642,1790838657.876,-46.2,0.876,0.830,0.642,0.596,0.234,direct
1790838662,2026-10-01 15:11:02,1790838662.810,1790838662.887,-206.1,0.887,0.681,0.810,0.604,0.077,direct
1790838667,2026-10-01 15:11:07,1790838667.976,1790838668.147,-371.0,1.147,0.776,0.976,0.605,0.171,direct
1790838673,2026-10-01 15:11:13,1790838673.141,1790838673.158,437.7,0.158,0.596,0.141,0.578,0.018,direct
1790838678,2026-10-01 15:11:18,1790838678.305,1790838678.419,273.8,0.419,0.693,0.305,0.579,0.114,direct
1790838683,2026-10-01 15:11:23,1790838683.469,1790838683.689,117.9,0.689,0.807,0.469,0.586,0.221,direct
1790838688,2026-10-01 15:11:28,1790838688.631,1790838688.704,-33.9,0.704,0.670,0.631,0.597,0.073,direct
1790838693,2026-10-01 15:11:33,1790838693.799,1790838693.956,-206.3,0.956,0.750,0.799,0.593,0.157,direct
1790838698,2026-10-01 15:11:38,1790838698.962,1790838698.967,-361.9,0.967,0.605,0.962,0.600,0.005,direct
