elapsed_s,cache_bytes,cache_lines,inflight_files,inflight_bytes,total_pending_lines
0.01,0,0,0,0,0
1.54,0,0,0,0,0
3.06,0,0,0,0,0
4.57,0,0,0,0,0
6.08,0,0,0,0,0
7.59,0,0,0,0,0
9.1,0,0,0,0,0
10.61,0,0,0,0,0
12.13,0,0,0,0,0
13.64,0,0,0,0,0
15.16,0,0,0,0,0
16.67,0,0,0,0,0
18.18,0,0,0,0,0
19.68,0,0,0,0,0
21.19,0,0,0,0,0
22.71,0,0,0,0,0
24.22,0,0,0,0,0
25.73,0,0,0,0,0
27.24,0,0,0,0,0
28.76,0,0,0,0,0
30.28,0,0,0,0,0
31.79,0,0,0,0,0
33.3,0,0,0,0,0
34.81,0,0,0,0,0
36.31,0,0,0,0,0
37.82,0,0,0,0,0
39.33,0,0,0,0,0
40.84,0,0,0,0,0
42.35,0,0,0,0,0
43.86,0,0,0,0,0
