seq,device,topic_device_index,payload_ts,rc,lat_gen_ms,lat_broker_ms,lat_store_ms,lat_e2e_ms
1,lt1,1,2026-10-03 00:56:19,0,,32.0,328.0,360.0
2,lt2,2,2026-10-03 00:56:19,0,,32.0,328.0,360.0
3,lt3,3,2026-10-03 00:56:19,0,16.0,16.0,328.0,344.0
4,lt4,4,2026-10-03 00:56:19,0,,16.0,328.0,344.0
5,lt5,5,2026-10-03 00:56:19,0,,16.0,328.0,344.0
6,lt6,6,2026-10-03 00:56:19,0,,,328.0,328.0
7,lt7,7,2026-10-03 00:56:19,0,,,328.0,328.0
8,lt8,8,2026-10-03 00:56:19,0,,,328.0,328.0
9,lt9,9,2026-10-03 00:56:19,0,,,328.0,328.0
10,lt10,10,2026-10-03 00:56:19,0,,,328.0,328.0
11,lt2,2,2026-10-03 00:56:20,0,,,297.0,297.0
12,lt1,1,2026-10-03 00:56:20,0,,,297.0,297.0
13,lt5,5,2026-10-03 00:56:20,0,,,297.0,297.0
14,lt6,6,2026-10-03 00:56:20,0,,,297.0,297.0
15,lt7,7,2026-10-03 00:56:20,0,,,297.0,297.0
16,lt4,4,2026-10-03 00:56:20,0,,,297.0,297.0
17,lt3,3,2026-10-03 00:56:20,0,,,297.0,297.0
18,lt10,10,2026-10-03 00:56:20,0,,,297.0,297.0
19,lt8,8,2026-10-03 00:56:20,0,,,297.0,297.0
20,lt9,9,2026-10-03 00:56:20,0,,,297.0,297.0
21,lt1,1,2026-10-03 00:56:21,0,,,219.0,219.0
22,lt2,2,2026-10-03 00:56:21,0,,,219.0,219.0
23,lt7,7,2026-10-03 00:56:21,0,,,219.0,219.0
24,lt3,3,2026-10-03 00:56:21,0,,,219.0,219.0
25,lt6,6,2026-10-03 00:56:21,0,,,219.0,219.0
26,lt4,4,2026-10-03 00:56:21,0,,,219.0,219.0
27,lt5,5,2026-10-03 00:56:21,0,,,219.0,219.0
28,lt8,8,2026-10-03 00:56:21,0,,,219.0,219.0
29,lt10,10,2026-10-03 00:56:21,0,,,219.0,219.0
30,lt9,9,2026-10-03 00:56:21,0,,,219.0,219.0
31,lt1,1,2026-10-03 00:56:22,0,,,157.0,157.0
32,lt2,2,2026-10-03 00:56:22,0,,,157.0,157.0
33,lt7,7,2026-10-03 00:56:22,0,,,157.0,157.0
34,lt4,4,2026-10-03 00:56:22,0,,,157.0,157.0
35,lt6,6,2026-10-03 00:56:22,0,,,157.0,157.0
36,lt3,3,2026-10-03 00:56:22,0,,,157.0,157.0
37,lt5,5,2026-10-03 00:56:22,0,,,157.0,157.0
38,lt9,9,2026-10-03 00:56:22,0,,,157.0,157.0
39,lt10,10,2026-10-03 00:56:22,0,,,157.0,157.0
40,lt8,8,2026-10-03 00:56:22,0,,,157.0,157.0
41,lt1,1,2026-10-03 00:56:23,0,,,94.0,94.0
42,lt2,2,2026-10-03 00:56:23,0,,,94.0,94.0
43,lt9,9,2026-10-03 00:56:23,0,,,94.0,94.0
44,lt3,3,2026-10-03 00:56:23,0,,16.0,78.0,94.0
45,lt4,4,2026-10-03 00:56:23,0,,16.0,78.0,94.0
46,lt6,6,2026-10-03 00:56:23,0,,16.0,78.0,94.0
47,lt5,5,2026-10-03 00:56:23,0,,16.0,78.0,94.0
48,lt7,7,2026-10-03 00:56:23,0,,16.0,78.0,94.0
49,lt10,10,2026-10-03 00:56:23,0,,16.0,78.0,94.0
50,lt8,8,2026-10-03 00:56:23,0,,16.0,78.0,94.0
51,lt6,6,2026-10-03 00:56:24,0,,,32.0,32.0
52,lt5,5,2026-10-03 00:56:24,0,,,32.0,32.0
53,lt8,8,2026-10-03 00:56:24,0,,,32.0,32.0
54,lt7,7,2026-10-03 00:56:24,0,,,32.0,32.0
55,lt10,10,2026-10-03 00:56:24,0,,,32.0,32.0
56,lt9,9,2026-10-03 00:56:24,0,,16.0,16.0,32.0
57,lt1,1,2026-10-03 00:56:24,0,,16.0,16.0,32.0
58,lt2,2,2026-10-03 00:56:24,0,,16.0,16.0,32.0
59,lt4,4,2026-10-03 00:56:24,0,,,16.0,16.0
60,lt3,3,2026-10-03 00:56:24,0,,,16.0,16.0
61,lt1,1,2026-10-03 00:56:25,0,,,266.0,266.0
62,lt9,9,2026-10-03 00:56:25,0,,,266.0,266.0
63,lt2,2,2026-10-03 00:56:25,0,,,266.0,266.0
64,lt3,3,2026-10-03 00:56:25,0,,,266.0,266.0
65,lt4,4,2026-10-03 00:56:25,0,,,266.0,266.0
66,lt6,6,2026-10-03 00:56:25,0,,,266.0,266.0
67,lt8,8,2026-10-03 00:56:25,0,,,266.0,266.0
68,lt7,7,2026-10-03 00:56:25,0,,,266.0,266.0
69,lt5,5,2026-10-03 00:56:25,0,,,266.0,266.0
70,lt10,10,2026-10-03 00:56:25,0,,,266.0,266.0
71,lt1,1,2026-10-03 00:56:26,0,,,204.0,204.0
72,lt4,4,2026-10-03 00:56:26,0,,,204.0,204.0
73,lt3,3,2026-10-03 00:56:26,0,,,204.0,204.0
74,lt2,2,2026-10-03 00:56:26,0,,,204.0,204.0
75,lt9,9,2026-10-03 00:56:26,0,,,204.0,204.0
76,lt6,6,2026-10-03 00:56:26,0,,,204.0,204.0
77,lt8,8,2026-10-03 00:56:26,0,,,204.0,204.0
78,lt7,7,2026-10-03 00:56:26,0,,,204.0,204.0
79,lt5,5,2026-10-03 00:56:26,0,,,204.0,204.0
80,lt10,10,2026-10-03 00:56:26,0,,,204.0,204.0
81,lt1,1,2026-10-03 00:56:27,0,,,172.0,172.0
82,lt4,4,2026-10-03 00:56:27,0,,,172.0,172.0
83,lt3,3,2026-10-03 00:56:27,0,,,172.0,172.0
84,lt2,2,2026-10-03 00:56:27,0,,,172.0,172.0
85,lt9,9,2026-10-03 00:56:27,0,,,172.0,172.0
86,lt7,7,2026-10-03 00:56:27,0,,,172.0,172.0
87,lt6,6,2026-10-03 00:56:27,0,,,172.0,172.0
88,lt8,8,2026-10-03 00:56:27,0,,,172.0,172.0
89,lt5,5,2026-10-03 00:56:27,0,,,172.0,172.0
90,lt10,10,2026-10-03 00:56:27,0,,,172.0,172.0
91,lt4,4,2026-10-03 00:56:28,0,,,110.0,110.0
92,lt1,1,2026-10-03 00:56:28,0,,,110.0,110.0
93,lt2,2,2026-10-03 00:56:28,0,,,110.0,110.0
94,lt3,3,2026-10-03 00:56:28,0,,,110.0,110.0
95,lt9,9,2026-10-03 00:56:28,0,,,110.0,110.0
96,lt7,7,2026-10-03 00:56:28,0,,,110.0,110.0
97,lt5,5,2026-10-03 00:56:28,0,,,110.0,110.0
98,lt8,8,2026-10-03 00:56:28,0,,,110.0,110.0
99,lt6,6,2026-10-03 00:56:28,0,,,110.0,110.0
100,lt10,10,2026-10-03 00:56:28,0,,16.0,94.0,110.0
101,lt10,10,2026-10-03 00:56:29,0,,,32.0,32.0
102,lt2,2,2026-10-03 00:56:29,0,,,32.0,32.0
103,lt3,3,2026-10-03 00:56:29,0,,,32.0,32.0
104,lt1,1,2026-10-03 00:56:29,0,,,32.0,32.0
105,lt4,4,2026-10-03 00:56:29,0,,,32.0,32.0
106,lt9,9,2026-10-03 00:56:29,0,,,32.0,32.0
107,lt7,7,2026-10-03 00:56:29,0,,,32.0,32.0
108,lt6,6,2026-10-03 00:56:29,0,,,32.0,32.0
109,lt8,8,2026-10-03 00:56:29,0,,16.0,16.0,32.0
110,lt5,5,2026-10-03 00:56:29,0,,16.0,16.0,32.0
111,lt10,10,2026-10-03 00:56:30,0,,,266.0,266.0
112,lt2,2,2026-10-03 00:56:30,0,,,266.0,266.0
113,lt1,1,2026-10-03 00:56:30,0,,,266.0,266.0
114,lt3,3,2026-10-03 00:56:30,0,,,266.0,266.0
115,lt4,4,2026-10-03 00:56:30,0,,16.0,250.0,266.0
116,lt9,9,2026-10-03 00:56:30,0,,16.0,250.0,266.0
117,lt7,7,2026-10-03 00:56:30,0,,16.0,250.0,266.0
118,lt5,5,2026-10-03 00:56:30,0,,,250.0,250.0
119,lt8,8,2026-10-03 00:56:30,0,,,250.0,250.0
120,lt6,6,2026-10-03 00:56:30,0,,,250.0,250.0
121,lt7,7,2026-10-03 00:56:31,0,,,204.0,204.0
122,lt4,4,2026-10-03 00:56:31,0,,,219.0,219.0
123,lt9,9,2026-10-03 00:56:31,0,,,219.0,219.0
124,lt5,5,2026-10-03 00:56:31,0,,,204.0,204.0
125,lt8,8,2026-10-03 00:56:31,0,,,219.0,219.0
126,lt6,6,2026-10-03 00:56:31,0,,,219.0,219.0
127,lt10,10,2026-10-03 00:56:31,0,,,204.0,204.0
128,lt1,1,2026-10-03 00:56:31,0,,16.0,188.0,204.0
129,lt2,2,2026-10-03 00:56:31,0,,16.0,188.0,204.0
130,lt3,3,2026-10-03 00:56:31,0,,16.0,188.0,204.0
131,lt2,2,2026-10-03 00:56:32,0,,,188.0,188.0
132,lt1,1,2026-10-03 00:56:32,0,,,188.0,188.0
133,lt3,3,2026-10-03 00:56:32,0,,,188.0,188.0
134,lt5,5,2026-10-03 00:56:32,0,,,188.0,188.0
135,lt9,9,2026-10-03 00:56:32,0,,,188.0,188.0
136,lt7,7,2026-10-03 00:56:32,0,,,188.0,188.0
137,lt4,4,2026-10-03 00:56:32,0,,,188.0,188.0
138,lt8,8,2026-10-03 00:56:32,0,,,188.0,188.0
139,lt6,6,2026-10-03 00:56:32,0,,,188.0,188.0
140,lt10,10,2026-10-03 00:56:32,0,,,188.0,188.0
141,lt3,3,2026-10-03 00:56:33,0,,,110.0,110.0
142,lt1,1,2026-10-03 00:56:33,0,,,110.0,110.0
143,lt2,2,2026-10-03 00:56:33,0,,,110.0,110.0
144,lt7,7,2026-10-03 00:56:33,0,,,110.0,110.0
145,lt4,4,2026-10-03 00:56:33,0,,,110.0,110.0
146,lt5,5,2026-10-03 00:56:33,0,,,110.0,110.0
147,lt9,9,2026-10-03 00:56:33,0,,,110.0,110.0
148,lt6,6,2026-10-03 00:56:33,0,,,110.0,110.0
149,lt8,8,2026-10-03 00:56:33,0,,,110.0,110.0
150,lt10,10,2026-10-03 00:56:33,0,,,110.0,110.0
151,lt3,3,2026-10-03 00:56:34,0,,,32.0,32.0
152,lt1,1,2026-10-03 00:56:34,0,,,32.0,32.0
153,lt2,2,2026-10-03 00:56:34,0,,,32.0,32.0
154,lt4,4,2026-10-03 00:56:34,0,,,47.0,47.0
155,lt7,7,2026-10-03 00:56:34,0,,,32.0,32.0
156,lt5,5,2026-10-03 00:56:34,0,,16.0,16.0,32.0
157,lt9,9,2026-10-03 00:56:34,0,,16.0,16.0,32.0
158,lt10,10,2026-10-03 00:56:34,0,,16.0,16.0,32.0
159,lt6,6,2026-10-03 00:56:34,0,,16.0,16.0,32.0
160,lt8,8,2026-10-03 00:56:34,0,,16.0,31.0,47.0
161,lt6,6,2026-10-03 00:56:35,0,,,282.0,282.0
162,lt8,8,2026-10-03 00:56:35,0,,,282.0,282.0
163,lt3,3,2026-10-03 00:56:35,0,,,282.0,282.0
164,lt2,2,2026-10-03 00:56:35,0,,,282.0,282.0
165,lt1,1,2026-10-03 00:56:35,0,,,282.0,282.0
166,lt4,4,2026-10-03 00:56:35,0,,16.0,266.0,282.0
167,lt7,7,2026-10-03 00:56:35,0,,,266.0,266.0
168,lt10,10,2026-10-03 00:56:35,0,,,266.0,266.0
169,lt9,9,2026-10-03 00:56:35,0,,,266.0,266.0
170,lt5,5,2026-10-03 00:56:35,0,,,266.0,266.0
171,lt4,4,2026-10-03 00:56:36,0,,,219.0,219.0
172,lt7,7,2026-10-03 00:56:36,0,,,219.0,219.0
173,lt10,10,2026-10-03 00:56:36,0,,,219.0,219.0
174,lt8,8,2026-10-03 00:56:36,0,,,219.0,219.0
175,lt9,9,2026-10-03 00:56:36,0,,,219.0,219.0
176,lt5,5,2026-10-03 00:56:36,0,,,219.0,219.0
177,lt6,6,2026-10-03 00:56:36,0,,,219.0,219.0
178,lt3,3,2026-10-03 00:56:36,0,,,219.0,219.0
179,lt1,1,2026-10-03 00:56:36,0,,,219.0,219.0
180,lt2,2,2026-10-03 00:56:36,0,,,219.0,219.0
181,lt4,4,2026-10-03 00:56:37,0,,,188.0,188.0
182,lt10,10,2026-10-03 00:56:37,0,,,188.0,188.0
183,lt8,8,2026-10-03 00:56:37,0,,,204.0,204.0
184,lt7,7,2026-10-03 00:56:37,0,,,188.0,188.0
185,lt5,5,2026-10-03 00:56:37,0,,,188.0,188.0
186,lt6,6,2026-10-03 00:56:37,0,,,188.0,188.0
187,lt9,9,2026-10-03 00:56:37,0,,,188.0,188.0
188,lt3,3,2026-10-03 00:56:37,0,,,188.0,188.0
189,lt2,2,2026-10-03 00:56:37,0,,,188.0,188.0
190,lt1,1,2026-10-03 00:56:37,0,,,188.0,188.0
191,lt4,4,2026-10-03 00:56:38,0,,,125.0,125.0
192,lt10,10,2026-10-03 00:56:38,0,,,125.0,125.0
193,lt8,8,2026-10-03 00:56:38,0,,,125.0,125.0
194,lt7,7,2026-10-03 00:56:38,0,,,125.0,125.0
195,lt5,5,2026-10-03 00:56:38,0,,,125.0,125.0
196,lt6,6,2026-10-03 00:56:38,0,,,125.0,125.0
197,lt9,9,2026-10-03 00:56:38,0,,,125.0,125.0
198,lt2,2,2026-10-03 00:56:38,0,,,125.0,125.0
199,lt3,3,2026-10-03 00:56:38,0,,,125.0,125.0
200,lt1,1,2026-10-03 00:56:38,0,,,125.0,125.0
201,lt4,4,2026-10-03 00:56:39,0,,,63.0,63.0
202,lt7,7,2026-10-03 00:56:39,0,,,63.0,63.0
203,lt8,8,2026-10-03 00:56:39,0,,,63.0,63.0
204,lt10,10,2026-10-03 00:56:39,0,,,63.0,63.0
205,lt6,6,2026-10-03 00:56:39,0,,,63.0,63.0
206,lt5,5,2026-10-03 00:56:39,0,,,63.0,63.0
207,lt9,9,2026-10-03 00:56:39,0,,,63.0,63.0
208,lt2,2,2026-10-03 00:56:39,0,,,63.0,63.0
209,lt3,3,2026-10-03 00:56:39,0,,,63.0,63.0
210,lt1,1,2026-10-03 00:56:39,0,,,47.0,47.0
211,lt1,1,2026-10-03 00:56:40,0,,,16.0,16.0
212,lt6,6,2026-10-03 00:56:40,0,,,329.0,329.0
213,lt8,8,2026-10-03 00:56:40,0,,16.0,313.0,329.0
214,lt7,7,2026-10-03 00:56:40,0,,16.0,313.0,329.0
215,lt10,10,2026-10-03 00:56:40,0,,16.0,313.0,329.0
216,lt4,4,2026-10-03 00:56:40,0,,16.0,313.0,329.0
217,lt9,9,2026-10-03 00:56:40,0,,16.0,313.0,329.0
218,lt5,5,2026-10-03 00:56:40,0,,16.0,313.0,329.0
219,lt3,3,2026-10-03 00:56:40,0,,,313.0,313.0
220,lt2,2,2026-10-03 00:56:40,0,,,297.0,297.0
221,lt1,1,2026-10-03 00:56:41,0,,,250.0,250.0
222,lt10,10,2026-10-03 00:56:41,0,,,250.0,250.0
223,lt4,4,2026-10-03 00:56:41,0,,,250.0,250.0
224,lt9,9,2026-10-03 00:56:41,0,,,250.0,250.0
225,lt5,5,2026-10-03 00:56:41,0,,,250.0,250.0
226,lt2,2,2026-10-03 00:56:41,0,,,250.0,250.0
227,lt3,3,2026-10-03 00:56:41,0,,,250.0,250.0
228,lt6,6,2026-10-03 00:56:41,0,,,250.0,250.0
229,lt7,7,2026-10-03 00:56:41,0,,16.0,234.0,250.0
230,lt8,8,2026-10-03 00:56:41,0,,16.0,250.0,266.0
231,lt7,7,2026-10-03 00:56:42,0,,,188.0,188.0
232,lt8,8,2026-10-03 00:56:42,0,,,188.0,188.0
233,lt1,1,2026-10-03 00:56:42,0,,,188.0,188.0
234,lt10,10,2026-10-03 00:56:42,0,,,188.0,188.0
235,lt4,4,2026-10-03 00:56:42,0,,,188.0,188.0
236,lt9,9,2026-10-03 00:56:42,0,,,188.0,188.0
237,lt5,5,2026-10-03 00:56:42,0,,,188.0,188.0
238,lt2,2,2026-10-03 00:56:42,0,,,188.0,188.0
239,lt3,3,2026-10-03 00:56:42,0,,,188.0,188.0
240,lt6,6,2026-10-03 00:56:42,0,,,172.0,172.0
241,lt7,7,2026-10-03 00:56:43,0,,,125.0,125.0
242,lt6,6,2026-10-03 00:56:43,0,,,125.0,125.0
243,lt8,8,2026-10-03 00:56:43,0,,,125.0,125.0
244,lt1,1,2026-10-03 00:56:43,0,,,125.0,125.0
245,lt10,10,2026-10-03 00:56:43,0,,,125.0,125.0
246,lt9,9,2026-10-03 00:56:43,0,,,125.0,125.0
247,lt4,4,2026-10-03 00:56:43,0,,,125.0,125.0
248,lt5,5,2026-10-03 00:56:43,0,,,125.0,125.0
249,lt3,3,2026-10-03 00:56:43,0,,,125.0,125.0
250,lt2,2,2026-10-03 00:56:43,0,,,125.0,125.0
251,lt6,6,2026-10-03 00:56:44,0,,,63.0,63.0
252,lt7,7,2026-10-03 00:56:44,0,,,63.0,63.0
253,lt8,8,2026-10-03 00:56:44,0,,,63.0,63.0
254,lt1,1,2026-10-03 00:56:44,0,,,47.0,47.0
255,lt10,10,2026-10-03 00:56:44,0,,,63.0,63.0
256,lt4,4,2026-10-03 00:56:44,0,,,63.0,63.0
257,lt9,9,2026-10-03 00:56:44,0,,,63.0,63.0
258,lt2,2,2026-10-03 00:56:44,0,,,63.0,63.0
259,lt5,5,2026-10-03 00:56:44,0,,,63.0,63.0
260,lt3,3,2026-10-03 00:56:44,0,,,63.0,63.0
261,lt8,8,2026-10-03 00:56:45,0,,,344.0,344.0
262,lt7,7,2026-10-03 00:56:45,0,,,329.0,329.0
263,lt6,6,2026-10-03 00:56:45,0,,,329.0,329.0
264,lt1,1,2026-10-03 00:56:45,0,,,329.0,329.0
265,lt10,10,2026-10-03 00:56:45,0,,,329.0,329.0
266,lt4,4,2026-10-03 00:56:45,0,,,329.0,329.0
267,lt9,9,2026-10-03 00:56:45,0,,,329.0,329.0
268,lt2,2,2026-10-03 00:56:45,0,,,329.0,329.0
269,lt3,3,2026-10-03 00:56:45,0,,,329.0,329.0
270,lt5,5,2026-10-03 00:56:45,0,,,329.0,329.0
271,lt8,8,2026-10-03 00:56:46,0,,,266.0,266.0
272,lt7,7,2026-10-03 00:56:46,0,,,266.0,266.0
273,lt6,6,2026-10-03 00:56:46,0,,,266.0,266.0
274,lt1,1,2026-10-03 00:56:46,0,,,266.0,266.0
275,lt10,10,2026-10-03 00:56:46,0,,16.0,250.0,266.0
276,lt9,9,2026-10-03 00:56:46,0,,16.0,250.0,266.0
277,lt4,4,2026-10-03 00:56:46,0,,16.0,250.0,266.0
278,lt3,3,2026-10-03 00:56:46,0,,,250.0,250.0
279,lt5,5,2026-10-03 00:56:46,0,,,250.0,250.0
280,lt2,2,2026-10-03 00:56:46,0,,,250.0,250.0
281,lt10,10,2026-10-03 00:56:47,0,,,235.0,235.0
282,lt4,4,2026-10-03 00:56:47,0,,,235.0,235.0
283,lt9,9,2026-10-03 00:56:47,0,,,235.0,235.0
284,lt3,3,2026-10-03 00:56:47,0,,,235.0,235.0
285,lt5,5,2026-10-03 00:56:47,0,,,235.0,235.0
286,lt2,2,2026-10-03 00:56:47,0,,,219.0,219.0
287,lt8,8,2026-10-03 00:56:47,0,,,235.0,235.0
288,lt7,7,2026-10-03 00:56:47,0,,,235.0,235.0
289,lt6,6,2026-10-03 00:56:47,0,,,235.0,235.0
290,lt1,1,2026-10-03 00:56:47,0,,,219.0,219.0
291,lt10,10,2026-10-03 00:56:48,0,,,172.0,172.0
292,lt4,4,2026-10-03 00:56:48,0,,,172.0,172.0
293,lt9,9,2026-10-03 00:56:48,0,,,172.0,172.0
294,lt3,3,2026-10-03 00:56:48,0,,,157.0,157.0
295,lt5,5,2026-10-03 00:56:48,0,,,172.0,172.0
296,lt2,2,2026-10-03 00:56:48,0,,,157.0,157.0
297,lt7,7,2026-10-03 00:56:48,0,,,172.0,172.0
298,lt8,8,2026-10-03 00:56:48,0,,,172.0,172.0
299,lt6,6,2026-10-03 00:56:48,0,,,172.0,172.0
300,lt1,1,2026-10-03 00:56:48,0,,16.0,141.0,157.0
301,lt1,1,2026-10-03 00:56:49,0,,,94.0,94.0
302,lt4,4,2026-10-03 00:56:49,0,,,110.0,110.0
303,lt10,10,2026-10-03 00:56:49,0,,,110.0,110.0
304,lt9,9,2026-10-03 00:56:49,0,,,110.0,110.0
305,lt2,2,2026-10-03 00:56:49,0,,,94.0,94.0
306,lt5,5,2026-10-03 00:56:49,0,,,94.0,94.0
307,lt3,3,2026-10-03 00:56:49,0,,,94.0,94.0
308,lt6,6,2026-10-03 00:56:49,0,,16.0,94.0,110.0
309,lt8,8,2026-10-03 00:56:49,0,,16.0,94.0,110.0
310,lt7,7,2026-10-03 00:56:49,0,,16.0,78.0,94.0
311,lt6,6,2026-10-03 00:56:50,0,,,47.0,47.0
312,lt7,7,2026-10-03 00:56:50,0,,,32.0,32.0
313,lt8,8,2026-10-03 00:56:50,0,,,47.0,47.0
314,lt1,1,2026-10-03 00:56:50,0,,,32.0,32.0
315,lt9,9,2026-10-03 00:56:50,0,,,47.0,47.0
316,lt10,10,2026-10-03 00:56:50,0,,,47.0,47.0
317,lt4,4,2026-10-03 00:56:50,0,,,47.0,47.0
318,lt2,2,2026-10-03 00:56:50,0,,,32.0,32.0
319,lt5,5,2026-10-03 00:56:50,0,,,47.0,47.0
320,lt3,3,2026-10-03 00:56:50,0,,,32.0,32.0
321,lt8,8,2026-10-03 00:56:51,0,,,32.0,32.0
322,lt7,7,2026-10-03 00:56:51,0,,,32.0,32.0
323,lt6,6,2026-10-03 00:56:51,0,,,32.0,32.0
324,lt1,1,2026-10-03 00:56:51,0,,,32.0,32.0
325,lt9,9,2026-10-03 00:56:51,0,,,32.0,32.0
326,lt10,10,2026-10-03 00:56:51,0,,,32.0,32.0
327,lt2,2,2026-10-03 00:56:51,0,,,32.0,32.0
328,lt4,4,2026-10-03 00:56:51,0,,,344.0,344.0
329,lt5,5,2026-10-03 00:56:51,0,,,344.0,344.0
330,lt3,3,2026-10-03 00:56:51,0,,,344.0,344.0
331,lt7,7,2026-10-03 00:56:52,0,,,282.0,282.0
332,lt8,8,2026-10-03 00:56:52,0,,,282.0,282.0
333,lt6,6,2026-10-03 00:56:52,0,,,282.0,282.0
334,lt1,1,2026-10-03 00:56:52,0,,,282.0,282.0
335,lt4,4,2026-10-03 00:56:52,0,,16.0,266.0,282.0
336,lt9,9,2026-10-03 00:56:52,0,,16.0,266.0,282.0
337,lt3,3,2026-10-03 00:56:52,0,,16.0,266.0,282.0
338,lt5,5,2026-10-03 00:56:52,0,,16.0,266.0,282.0
339,lt2,2,2026-10-03 00:56:52,0,,16.0,266.0,282.0
340,lt10,10,2026-10-03 00:56:52,0,,16.0,266.0,282.0
341,lt5,5,2026-10-03 00:56:53,0,,,235.0,235.0
342,lt3,3,2026-10-03 00:56:53,0,,,235.0,235.0
343,lt4,4,2026-10-03 00:56:53,0,,,235.0,235.0
344,lt9,9,2026-10-03 00:56:53,0,,,235.0,235.0
345,lt2,2,2026-10-03 00:56:53,0,,,235.0,235.0
346,lt10,10,2026-10-03 00:56:53,0,,,235.0,235.0
347,lt8,8,2026-10-03 00:56:53,0,,,235.0,235.0
348,lt1,1,2026-10-03 00:56:53,0,,,235.0,235.0
349,lt7,7,2026-10-03 00:56:53,0,,,235.0,235.0
350,lt6,6,2026-10-03 00:56:53,0,,,235.0,235.0
351,lt2,2,2026-10-03 00:56:54,0,,,172.0,172.0
352,lt4,4,2026-10-03 00:56:54,0,,,188.0,188.0
353,lt9,9,2026-10-03 00:56:54,0,,,188.0,188.0
354,lt5,5,2026-10-03 00:56:54,0,,,172.0,172.0
355,lt3,3,2026-10-03 00:56:54,0,,,172.0,172.0
356,lt10,10,2026-10-03 00:56:54,0,,,172.0,172.0
357,lt1,1,2026-10-03 00:56:54,0,,16.0,156.0,172.0
358,lt7,7,2026-10-03 00:56:54,0,,16.0,156.0,172.0
359,lt8,8,2026-10-03 00:56:54,0,,16.0,172.0,188.0
360,lt6,6,2026-10-03 00:56:54,0,,16.0,172.0,188.0
361,lt1,1,2026-10-03 00:56:55,0,,,141.0,141.0
362,lt8,8,2026-10-03 00:56:55,0,,,141.0,141.0
363,lt7,7,2026-10-03 00:56:55,0,,,141.0,141.0
364,lt6,6,2026-10-03 00:56:55,0,,,141.0,141.0
365,lt4,4,2026-10-03 00:56:55,0,,,141.0,141.0
366,lt9,9,2026-10-03 00:56:55,0,,,141.0,141.0
367,lt2,2,2026-10-03 00:56:55,0,,,141.0,141.0
368,lt5,5,2026-10-03 00:56:55,0,,,141.0,141.0
369,lt10,10,2026-10-03 00:56:55,0,,,141.0,141.0
370,lt3,3,2026-10-03 00:56:55,0,,,141.0,141.0
371,lt1,1,2026-10-03 00:56:56,0,,,125.0,125.0
372,lt8,8,2026-10-03 00:56:56,0,,,141.0,141.0
373,lt7,7,2026-10-03 00:56:56,0,,,125.0,125.0
374,lt6,6,2026-10-03 00:56:56,0,,,125.0,125.0
375,lt2,2,2026-10-03 00:56:56,0,,,125.0,125.0
376,lt5,5,2026-10-03 00:56:56,0,,,125.0,125.0
377,lt9,9,2026-10-03 00:56:56,0,,,125.0,125.0
378,lt4,4,2026-10-03 00:56:56,0,,,125.0,125.0
379,lt3,3,2026-10-03 00:56:56,0,,,125.0,125.0
380,lt10,10,2026-10-03 00:56:56,0,,,125.0,125.0
381,lt8,8,2026-10-03 00:56:57,0,,,79.0,79.0
382,lt1,1,2026-10-03 00:56:57,0,,,63.0,63.0
383,lt7,7,2026-10-03 00:56:57,0,,,79.0,79.0
384,lt6,6,2026-10-03 00:56:57,0,,,79.0,79.0
385,lt2,2,2026-10-03 00:56:57,0,,16.0,63.0,79.0
386,lt10,10,2026-10-03 00:56:57,0,,16.0,63.0,79.0
387,lt3,3,2026-10-03 00:56:57,0,,16.0,63.0,79.0
388,lt4,4,2026-10-03 00:56:57,0,,16.0,63.0,79.0
389,lt9,9,2026-10-03 00:56:57,0,,16.0,63.0,79.0
390,lt5,5,2026-10-03 00:56:57,0,,16.0,63.0,79.0
391,lt2,2,2026-10-03 00:56:58,0,,,16.0,16.0
392,lt10,10,2026-10-03 00:56:58,0,,,16.0,16.0
393,lt9,9,2026-10-03 00:56:58,0,,,16.0,16.0
394,lt3,3,2026-10-03 00:56:58,0,,,16.0,16.0
395,lt5,5,2026-10-03 00:56:58,0,,,16.0,16.0
396,lt4,4,2026-10-03 00:56:58,0,,,16.0,16.0
397,lt6,6,2026-10-03 00:56:58,0,,,16.0,16.0
398,lt7,7,2026-10-03 00:56:58,0,,,16.0,16.0
399,lt1,1,2026-10-03 00:56:58,0,,,16.0,16.0
400,lt8,8,2026-10-03 00:56:58,0,,,16.0,16.0
