sample_time,container,cpu_perc,mem_usage,mem_perc
00:56:21,cems-lgsub-acc_n10-10,0.12%,24.41MiB / 15.53GiB,0.15%
sample_time,container,cpu_perc,mem_usage,mem_perc
00:56:21,cems-lgsub-acc_n10-9,0.13%,24.67MiB / 15.53GiB,0.16%
sample_time,container,cpu_perc,mem_usage,mem_perc
00:56:21,cems-lgsub-acc_n10-8,0.11%,25.17MiB / 15.53GiB,0.16%
sample_time,container,cpu_perc,mem_usage,mem_perc
00:56:21,cems-lgsub-acc_n10-7,0.17%,24.19MiB / 15.53GiB,0.15%
sample_time,container,cpu_perc,mem_usage,mem_perc
00:56:21,cems-lgsub-acc_n10-6,0.14%,24.44MiB / 15.53GiB,0.15%
sample_time,container,cpu_perc,mem_usage,mem_perc
00:56:21,cems-lgsub-acc_n10-5,0.12%,23.93MiB / 15.53GiB,0.15%
sample_time,container,cpu_perc,mem_usage,mem_perc
00:56:21,cems-lgsub-acc_n10-4,0.13%,24.42MiB / 15.53GiB,0.15%
sample_time,container,cpu_perc,mem_usage,mem_perc
00:56:21,cems-lgsub-acc_n10-3,0.12%,24.42MiB / 15.53GiB,0.15%
sample_time,container,cpu_perc,mem_usage,mem_perc
00:56:21,cems-lgsub-acc_n10-2,0.11%,24.42MiB / 15.53GiB,0.15%
sample_time,container,cpu_perc,mem_usage,mem_perc
00:56:21,cems-lgsub-acc_n10-1,0.12%,23.93MiB / 15.53GiB,0.15%
sample_time,container,cpu_perc,mem_usage,mem_perc
00:56:21,cems-gateway-plant2,0.18%,24.51MiB / 15.53GiB,0.15%
sample_time,container,cpu_perc,mem_usage,mem_perc
00:56:21,cems-gateway,0.01%,24.4MiB / 15.53GiB,0.15%
sample_time,container,cpu_perc,mem_usage,mem_perc
00:56:21,cems-device,0.07%,21.62MiB / 15.53GiB,0.14%
sample_time,container,cpu_perc,mem_usage,mem_perc
00:56:21,cems-subscriber,0.01%,25.96MiB / 15.53GiB,0.16%
sample_time,container,cpu_perc,mem_usage,mem_perc
00:56:21,cems-subscriber-plant2,0.12%,26.12MiB / 15.53GiB,0.16%
sample_time,container,cpu_perc,mem_usage,mem_perc
00:56:21,emqx,3.17%,476.3MiB / 15.53GiB,3.00%
sample_time,container,cpu_perc,mem_usage,mem_perc
00:56:21,tdengine,8.06%,475.9MiB / 15.53GiB,2.99%
00:56:28,cems-lgsub-acc_n10-10,0.15%,23.94MiB / 15.53GiB,0.15%
00:56:28,cems-lgsub-acc_n10-9,0.14%,24.18MiB / 15.53GiB,0.15%
00:56:28,cems-lgsub-acc_n10-8,0.11%,24.43MiB / 15.53GiB,0.15%
00:56:28,cems-lgsub-acc_n10-7,0.15%,24.68MiB / 15.53GiB,0.16%
00:56:28,cems-lgsub-acc_n10-6,0.12%,25.17MiB / 15.53GiB,0.16%
00:56:28,cems-lgsub-acc_n10-5,0.12%,25.17MiB / 15.53GiB,0.16%
00:56:28,cems-lgsub-acc_n10-4,0.14%,24.69MiB / 15.53GiB,0.16%
00:56:28,cems-lgsub-acc_n10-3,0.12%,23.69MiB / 15.53GiB,0.15%
00:56:28,cems-lgsub-acc_n10-2,0.11%,24.68MiB / 15.53GiB,0.16%
00:56:28,cems-lgsub-acc_n10-1,0.14%,24.69MiB / 15.53GiB,0.16%
00:56:28,cems-gateway-plant2,0.00%,24.61MiB / 15.53GiB,0.15%
00:56:28,cems-gateway,0.19%,24.45MiB / 15.53GiB,0.15%
00:56:28,cems-device,0.02%,21.43MiB / 15.53GiB,0.13%
00:56:28,cems-subscriber,0.16%,25.64MiB / 15.53GiB,0.16%
00:56:28,cems-subscriber-plant2,0.01%,26.04MiB / 15.53GiB,0.16%
00:56:28,emqx,3.26%,477.4MiB / 15.53GiB,3.00%
00:56:28,tdengine,5.01%,491.4MiB / 15.53GiB,3.09%
00:56:35,cems-lgsub-acc_n10-10,0.13%,24.9MiB / 15.53GiB,0.16%
00:56:35,cems-lgsub-acc_n10-9,0.17%,24.67MiB / 15.53GiB,0.16%
00:56:35,cems-lgsub-acc_n10-8,0.13%,25.17MiB / 15.53GiB,0.16%
00:56:35,cems-lgsub-acc_n10-7,0.11%,24.41MiB / 15.53GiB,0.15%
00:56:35,cems-lgsub-acc_n10-6,0.15%,24.7MiB / 15.53GiB,0.16%
00:56:35,cems-lgsub-acc_n10-5,0.16%,24.42MiB / 15.53GiB,0.15%
00:56:35,cems-lgsub-acc_n10-4,0.12%,24.97MiB / 15.53GiB,0.16%
00:56:35,cems-lgsub-acc_n10-3,0.16%,24.43MiB / 15.53GiB,0.15%
00:56:35,cems-lgsub-acc_n10-2,0.12%,24.43MiB / 15.53GiB,0.15%
00:56:35,cems-lgsub-acc_n10-1,0.18%,24.17MiB / 15.53GiB,0.15%
00:56:35,cems-gateway-plant2,0.01%,24.4MiB / 15.53GiB,0.15%
00:56:35,cems-gateway,0.01%,24.4MiB / 15.53GiB,0.15%
00:56:35,cems-device,0.00%,21.28MiB / 15.53GiB,0.13%
00:56:35,cems-subscriber,0.01%,25.64MiB / 15.53GiB,0.16%
00:56:35,cems-subscriber-plant2,0.00%,25.62MiB / 15.53GiB,0.16%
00:56:35,emqx,78.36%,514.8MiB / 15.53GiB,3.24%
00:56:35,tdengine,5.01%,476.4MiB / 15.53GiB,3.00%
00:56:42,cems-lgsub-acc_n10-10,0.13%,24.42MiB / 15.53GiB,0.15%
00:56:42,cems-lgsub-acc_n10-9,0.11%,24.19MiB / 15.53GiB,0.15%
00:56:42,cems-lgsub-acc_n10-8,0.10%,24.69MiB / 15.53GiB,0.16%
00:56:42,cems-lgsub-acc_n10-7,0.14%,24.9MiB / 15.53GiB,0.16%
00:56:42,cems-lgsub-acc_n10-6,0.12%,24.43MiB / 15.53GiB,0.15%
00:56:42,cems-lgsub-acc_n10-5,0.16%,25.17MiB / 15.53GiB,0.16%
00:56:42,cems-lgsub-acc_n10-4,0.14%,24.92MiB / 15.53GiB,0.16%
00:56:42,cems-lgsub-acc_n10-3,0.12%,24.18MiB / 15.53GiB,0.15%
00:56:42,cems-lgsub-acc_n10-2,0.11%,24.18MiB / 15.53GiB,0.15%
00:56:42,cems-lgsub-acc_n10-1,0.14%,24.94MiB / 15.53GiB,0.16%
00:56:42,cems-gateway-plant2,7.28%,24.9MiB / 15.53GiB,0.16%
00:56:42,cems-gateway,0.01%,24.42MiB / 15.53GiB,0.15%
00:56:42,cems-device,0.00%,21.04MiB / 15.53GiB,0.13%
00:56:42,cems-subscriber,0.00%,26.13MiB / 15.53GiB,0.16%
00:56:42,cems-subscriber-plant2,0.00%,26.05MiB / 15.53GiB,0.16%
00:56:42,emqx,35.98%,476MiB / 15.53GiB,2.99%
00:56:42,tdengine,8.19%,496.4MiB / 15.53GiB,3.12%
00:56:49,cems-lgsub-acc_n10-10,0.16%,24.19MiB / 15.53GiB,0.15%
00:56:49,cems-lgsub-acc_n10-9,0.17%,24.44MiB / 15.53GiB,0.15%
00:56:49,cems-lgsub-acc_n10-8,0.15%,24.44MiB / 15.53GiB,0.15%
00:56:49,cems-lgsub-acc_n10-7,0.12%,24.96MiB / 15.53GiB,0.16%
00:56:49,cems-lgsub-acc_n10-6,0.14%,24.45MiB / 15.53GiB,0.15%
00:56:49,cems-lgsub-acc_n10-5,0.11%,24.2MiB / 15.53GiB,0.15%
00:56:49,cems-lgsub-acc_n10-4,0.13%,24.43MiB / 15.53GiB,0.15%
00:56:49,cems-lgsub-acc_n10-3,0.14%,24.23MiB / 15.53GiB,0.15%
00:56:49,cems-lgsub-acc_n10-2,0.14%,24.7MiB / 15.53GiB,0.16%
00:56:49,cems-lgsub-acc_n10-1,0.13%,24.7MiB / 15.53GiB,0.16%
00:56:49,cems-gateway-plant2,0.01%,24.41MiB / 15.53GiB,0.15%
00:56:49,cems-gateway,0.00%,24.65MiB / 15.53GiB,0.15%
00:56:49,cems-device,0.06%,21.57MiB / 15.53GiB,0.14%
00:56:49,cems-subscriber,0.01%,25.65MiB / 15.53GiB,0.16%
00:56:49,cems-subscriber-plant2,0.01%,25.62MiB / 15.53GiB,0.16%
00:56:49,emqx,3.98%,476.8MiB / 15.53GiB,3.00%
00:56:49,tdengine,5.55%,470MiB / 15.53GiB,2.96%
00:56:56,cems-lgsub-acc_n10-10,0.20%,24.68MiB / 15.53GiB,0.16%
00:56:56,cems-lgsub-acc_n10-9,0.24%,24.26MiB / 15.53GiB,0.15%
00:56:56,cems-lgsub-acc_n10-8,0.17%,24.21MiB / 15.53GiB,0.15%
00:56:56,cems-lgsub-acc_n10-7,0.19%,23.95MiB / 15.53GiB,0.15%
00:56:56,cems-lgsub-acc_n10-6,0.17%,24.26MiB / 15.53GiB,0.15%
00:56:56,cems-lgsub-acc_n10-5,0.19%,24.66MiB / 15.53GiB,0.16%
00:56:56,cems-lgsub-acc_n10-4,0.16%,24.47MiB / 15.53GiB,0.15%
00:56:56,cems-lgsub-acc_n10-3,0.18%,23.93MiB / 15.53GiB,0.15%
00:56:56,cems-lgsub-acc_n10-2,0.28%,24.44MiB / 15.53GiB,0.15%
00:56:56,cems-lgsub-acc_n10-1,0.22%,24.92MiB / 15.53GiB,0.16%
00:56:56,cems-gateway-plant2,0.22%,24.65MiB / 15.53GiB,0.15%
00:56:56,cems-gateway,0.01%,24.71MiB / 15.53GiB,0.16%
00:56:56,cems-device,0.04%,21.34MiB / 15.53GiB,0.13%
00:56:56,cems-subscriber,0.01%,26.32MiB / 15.53GiB,0.17%
00:56:56,cems-subscriber-plant2,0.21%,26.37MiB / 15.53GiB,0.17%
00:56:56,emqx,3.40%,475MiB / 15.53GiB,2.99%
00:56:56,tdengine,6.21%,483.2MiB / 15.53GiB,3.04%
00:57:03,cems-lgsub-acc_n10-10,0.00%,24.66MiB / 15.53GiB,0.16%
00:57:03,cems-lgsub-acc_n10-9,0.00%,24.52MiB / 15.53GiB,0.15%
00:57:03,cems-lgsub-acc_n10-8,0.00%,23.96MiB / 15.53GiB,0.15%
00:57:03,cems-lgsub-acc_n10-7,0.01%,24.19MiB / 15.53GiB,0.15%
00:57:03,cems-lgsub-acc_n10-6,0.01%,24.18MiB / 15.53GiB,0.15%
00:57:03,cems-lgsub-acc_n10-5,0.00%,24.69MiB / 15.53GiB,0.16%
00:57:03,cems-lgsub-acc_n10-4,0.00%,24.43MiB / 15.53GiB,0.15%
00:57:03,cems-lgsub-acc_n10-3,0.00%,23.94MiB / 15.53GiB,0.15%
00:57:03,cems-lgsub-acc_n10-2,0.00%,24.18MiB / 15.53GiB,0.15%
00:57:03,cems-lgsub-acc_n10-1,0.01%,24.16MiB / 15.53GiB,0.15%
00:57:03,cems-gateway-plant2,0.01%,24.66MiB / 15.53GiB,0.16%
00:57:03,cems-gateway,0.25%,24.7MiB / 15.53GiB,0.16%
00:57:03,cems-device,7.33%,22.42MiB / 15.53GiB,0.14%
00:57:03,cems-subscriber,0.16%,26.89MiB / 15.53GiB,0.17%
00:57:03,cems-subscriber-plant2,0.01%,26.11MiB / 15.53GiB,0.16%
00:57:03,emqx,2.31%,475.6MiB / 15.53GiB,2.99%
00:57:03,tdengine,5.70%,485.8MiB / 15.53GiB,3.05%
00:57:10,cems-lgsub-acc_n10-10,0.01%,24.18MiB / 15.53GiB,0.15%
00:57:10,cems-lgsub-acc_n10-9,0.00%,23.93MiB / 15.53GiB,0.15%
00:57:10,cems-lgsub-acc_n10-8,0.00%,23.71MiB / 15.53GiB,0.15%
00:57:10,cems-lgsub-acc_n10-7,0.00%,23.94MiB / 15.53GiB,0.15%
00:57:10,cems-lgsub-acc_n10-6,0.00%,23.94MiB / 15.53GiB,0.15%
00:57:10,cems-lgsub-acc_n10-5,0.00%,23.95MiB / 15.53GiB,0.15%
00:57:10,cems-lgsub-acc_n10-4,0.00%,24.19MiB / 15.53GiB,0.15%
00:57:10,cems-lgsub-acc_n10-3,0.00%,23.69MiB / 15.53GiB,0.15%
00:57:10,cems-lgsub-acc_n10-2,0.00%,23.93MiB / 15.53GiB,0.15%
00:57:10,cems-lgsub-acc_n10-1,0.01%,23.91MiB / 15.53GiB,0.15%
00:57:10,cems-gateway-plant2,0.02%,24.89MiB / 15.53GiB,0.16%
00:57:10,cems-gateway,0.02%,25.72MiB / 15.53GiB,0.16%
00:57:10,cems-device,0.00%,21.82MiB / 15.53GiB,0.14%
00:57:10,cems-subscriber,0.02%,26.81MiB / 15.53GiB,0.17%
00:57:10,cems-subscriber-plant2,0.02%,26.83MiB / 15.53GiB,0.17%
00:57:10,emqx,56.38%,477MiB / 15.53GiB,3.00%
00:57:10,tdengine,2.33%,467.7MiB / 15.53GiB,2.94%
00:57:17,cems-lgsub-acc_n10-10,0.00%,23.93MiB / 15.53GiB,0.15%
00:57:17,cems-lgsub-acc_n10-9,0.00%,23.93MiB / 15.53GiB,0.15%
00:57:17,cems-lgsub-acc_n10-8,0.00%,23.71MiB / 15.53GiB,0.15%
00:57:17,cems-lgsub-acc_n10-7,0.00%,23.94MiB / 15.53GiB,0.15%
00:57:17,cems-lgsub-acc_n10-6,0.00%,23.94MiB / 15.53GiB,0.15%
00:57:17,cems-lgsub-acc_n10-5,0.00%,23.95MiB / 15.53GiB,0.15%
00:57:17,cems-lgsub-acc_n10-4,0.00%,23.7MiB / 15.53GiB,0.15%
00:57:17,cems-lgsub-acc_n10-3,0.00%,23.69MiB / 15.53GiB,0.15%
00:57:17,cems-lgsub-acc_n10-2,0.00%,23.7MiB / 15.53GiB,0.15%
00:57:17,cems-lgsub-acc_n10-1,0.01%,23.91MiB / 15.53GiB,0.15%
00:57:17,cems-gateway-plant2,0.00%,25.06MiB / 15.53GiB,0.16%
00:57:17,cems-gateway,0.00%,24.9MiB / 15.53GiB,0.16%
00:57:17,cems-device,0.05%,22.51MiB / 15.53GiB,0.14%
00:57:17,cems-subscriber,0.00%,26.54MiB / 15.53GiB,0.17%
00:57:17,cems-subscriber-plant2,0.01%,27.58MiB / 15.53GiB,0.17%
00:57:17,emqx,7.71%,477.1MiB / 15.53GiB,3.00%
00:57:17,tdengine,2.27%,468.5MiB / 15.53GiB,2.95%
00:57:24,cems-lgsub-acc_n10-10,0.00%,23.68MiB / 15.53GiB,0.15%
00:57:24,cems-lgsub-acc_n10-9,0.00%,23.69MiB / 15.53GiB,0.15%
00:57:24,cems-lgsub-acc_n10-8,0.00%,23.71MiB / 15.53GiB,0.15%
00:57:24,cems-lgsub-acc_n10-7,0.00%,23.94MiB / 15.53GiB,0.15%
00:57:24,cems-lgsub-acc_n10-6,0.01%,23.94MiB / 15.53GiB,0.15%
00:57:24,cems-lgsub-acc_n10-5,0.01%,23.7MiB / 15.53GiB,0.15%
00:57:24,cems-lgsub-acc_n10-4,0.00%,23.7MiB / 15.53GiB,0.15%
00:57:24,cems-lgsub-acc_n10-3,0.00%,23.68MiB / 15.53GiB,0.15%
00:57:24,cems-lgsub-acc_n10-2,0.00%,23.69MiB / 15.53GiB,0.15%
00:57:24,cems-lgsub-acc_n10-1,0.01%,23.91MiB / 15.53GiB,0.15%
00:57:24,cems-gateway-plant2,0.01%,24.58MiB / 15.53GiB,0.15%
00:57:24,cems-gateway,7.71%,25.01MiB / 15.53GiB,0.16%
00:57:24,cems-device,0.04%,22.77MiB / 15.53GiB,0.14%
00:57:24,cems-subscriber,0.00%,27.18MiB / 15.53GiB,0.17%
00:57:24,cems-subscriber-plant2,0.00%,26.62MiB / 15.53GiB,0.17%
00:57:24,emqx,126.23%,512.7MiB / 15.53GiB,3.22%
00:57:24,tdengine,6.23%,468.4MiB / 15.53GiB,2.95%
00:57:31,cems-lgsub-acc_n10-10,0.00%,23.68MiB / 15.53GiB,0.15%
00:57:31,cems-lgsub-acc_n10-9,0.00%,23.68MiB / 15.53GiB,0.15%
00:57:31,cems-lgsub-acc_n10-8,0.01%,23.68MiB / 15.53GiB,0.15%
00:57:31,cems-lgsub-acc_n10-7,0.00%,23.94MiB / 15.53GiB,0.15%
00:57:31,cems-lgsub-acc_n10-6,0.01%,23.93MiB / 15.53GiB,0.15%
00:57:31,cems-lgsub-acc_n10-5,0.00%,23.7MiB / 15.53GiB,0.15%
00:57:31,cems-lgsub-acc_n10-4,0.00%,23.69MiB / 15.53GiB,0.15%
00:57:31,cems-lgsub-acc_n10-3,0.00%,23.68MiB / 15.53GiB,0.15%
00:57:31,cems-lgsub-acc_n10-2,0.00%,23.69MiB / 15.53GiB,0.15%
00:57:31,cems-lgsub-acc_n10-1,0.00%,23.69MiB / 15.53GiB,0.15%
00:57:31,cems-gateway-plant2,0.16%,24.99MiB / 15.53GiB,0.16%
00:57:31,cems-gateway,0.01%,24.82MiB / 15.53GiB,0.16%
00:57:31,cems-device,0.08%,22.52MiB / 15.53GiB,0.14%
00:57:31,cems-subscriber,0.01%,26.63MiB / 15.53GiB,0.17%
00:57:31,cems-subscriber-plant2,0.14%,27.03MiB / 15.53GiB,0.17%
00:57:31,emqx,2.87%,475.9MiB / 15.53GiB,2.99%
00:57:31,tdengine,2.75%,469.1MiB / 15.53GiB,2.95%
00:57:38,cems-lgsub-acc_n10-10,0.01%,23.68MiB / 15.53GiB,0.15%
00:57:38,cems-lgsub-acc_n10-9,0.01%,23.68MiB / 15.53GiB,0.15%
00:57:38,cems-lgsub-acc_n10-8,0.00%,23.68MiB / 15.53GiB,0.15%
00:57:38,cems-lgsub-acc_n10-7,0.01%,23.93MiB / 15.53GiB,0.15%
00:57:38,cems-lgsub-acc_n10-6,0.00%,23.93MiB / 15.53GiB,0.15%
00:57:38,cems-lgsub-acc_n10-5,0.00%,23.7MiB / 15.53GiB,0.15%
00:57:38,cems-lgsub-acc_n10-4,0.01%,23.69MiB / 15.53GiB,0.15%
00:57:38,cems-lgsub-acc_n10-3,0.00%,23.68MiB / 15.53GiB,0.15%
00:57:38,cems-lgsub-acc_n10-2,0.01%,23.69MiB / 15.53GiB,0.15%
00:57:38,cems-lgsub-acc_n10-1,0.00%,23.68MiB / 15.53GiB,0.15%
00:57:38,cems-gateway-plant2,0.01%,24.99MiB / 15.53GiB,0.16%
00:57:38,cems-gateway,0.25%,24.9MiB / 15.53GiB,0.16%
00:57:38,cems-device,0.05%,22.98MiB / 15.53GiB,0.14%
00:57:38,cems-subscriber,0.14%,27.36MiB / 15.53GiB,0.17%
00:57:38,cems-subscriber-plant2,0.01%,26.78MiB / 15.53GiB,0.17%
00:57:38,emqx,94.91%,476.4MiB / 15.53GiB,3.00%
00:57:38,tdengine,2.65%,469.4MiB / 15.53GiB,2.95%
